Simulated Composition,Energy above convex hull (meV/atom)
"Ba7Zn1Co8O24
",177.283020385
"Ba7Zn1Fe8O24
",150.371025947
"Ba7Mn8Zn1O24
",202.092457302
"Ba7Zn1Ni8O24
",325.497887744
"Ba6Zn2Co8O24
",249.549443408
"Ba6Hf2Zn2Co6O24
",245.647988608
"Ba6Nb2Zn2Co6O24
",210.375206344
"Ba6Ta2Zn2Co6O24
",200.268881441
"Ba6Ti2Zn2Co6O24
",222.927320658
"Ba6Zr2Zn2Co6O24
",218.800570608
"Ba6Zn2Fe8O24
",239.214774203
"Ba6Hf2Zn2Fe6O24
",229.790128281
"Ba6Nb2Zn2Fe6O24
",214.185752358
"Ba6Ta2Zn2Fe6O24
",182.129032917
"Ba6Ti2Zn2Fe6O24
",241.537702912
"Ba6Zr2Zn2Fe6O24
",296.501210281
"Ba6Mn8Zn2O24
",276.217368746
"Ba6Hf2Mn6Zn2O24
",219.470530781
"Ba6Mn6Nb2Zn2O24
",193.721693637
"Ba6Ta2Mn6Zn2O24
",193.037892012
"Ba6Ti2Mn6Zn2O24
",209.634412781
"Ba6Zr2Mn6Zn2O24
",201.402112781
"Ba6Zn2Ni8O24
",407.147186056
"Ba6Hf2Zn2Ni6O24
",396.883335407
"Ba6Nb2Zn2Ni6O24
",346.912901124
"Ba6Ta2Zn2Ni6O24
",340.489474124
"Ba6Ti2Zn2Ni6O24
",388.395179407
"Ba6Zr2Zn2Ni6O24
",344.799275407
"Ba4La1Zn3Ni8O24
",0.0
"Ba4La1Zn3Co8O24
",259.721126072
"Ba4La1Zn3Fe8O24
",253.584854873
"Ba4La1Mn8Zn3O24
",244.558933704
"La7Zn1Co8O24
",73.7475037184
"La7Zn1Fe8O24
",79.884325527
"La7Mn8Zn1O24
",64.766785692
"La7Zn1Ni8O24
",188.139583805
"La6Zn2Co8O24
",121.202058532
"La6Hf2Zn2Co6O24
",146.594935546
"La6Nb2Zn2Co6O24
",143.14427
"La6Ta2Zn2Co6O24
",140.87646025
"La6Ti2Zn2Co6O24
",140.791488296
"La6Zr2Zn2Co6O24
",114.194239296
"La6Zn2Fe8O24
",120.565464054
"La6Hf2Zn2Fe6O24
",156.51523
"La6Nb2Zn2Fe6O24
",110.462825
"La6Ta2Zn2Fe6O24
",110.503751
"La6Ti2Zn2Fe6O24
",99.671795625
"La6Zr2Zn2Fe6O24
",120.15628375
"La6Mn8Zn2O24
",94.573625692
"La6Hf2Mn6Zn2O24
",129.676557394
"La6Mn6Nb2Zn2O24
",106.566685144
"La6Ta2Mn6Zn2O24
",96.279210144
"La6Ti2Mn6Zn2O24
",95.946943894
"La6Zr2Mn6Zn2O24
",95.343111144
"La6Zn2Ni8O24
",241.991215895
"La6Hf2Zn2Ni6O24
",214.252915662
"La6Nb2Zn2Ni6O24
",185.182334608
"La6Ta2Zn2Ni6O24
",186.835774858
"La6Ti2Zn2Ni6O24
",202.290968412
"La6Zr2Zn2Ni6O24
",200.047469412
"La5Zn3Co8O24
",181.659746314
"La5Zn3Fe8O24
",176.193352581
"La5Mn8Zn3O24
",145.936465692
"La5Zn3Ni8O24
",304.216097984
"Pr7Zn1Co8O24
",71.5466155309
"Pr7Zn1Fe8O24
",77.590214277
"Pr7Mn8Zn1O24
",67.3902193795
"Pr7Zn1Ni8O24
",178.590945618
"Pr6Zn2Co8O24
",111.989368657
"Pr6Hf2Zn2Co6O24
",113.270941671
"Pr6Nb2Zn2Co6O24
",149.58971125
"Pr6Ta2Zn2Co6O24
",121.012896
"Pr6Ti2Zn2Co6O24
",102.665207858
"Pr6Zr2Zn2Co6O24
",123.826342921
"Pr6Zn2Fe8O24
",117.557011554
"Pr6Hf2Zn2Fe6O24
",127.306710625
"Pr6Nb2Zn2Fe6O24
",147.4918845
"Pr6Ta2Zn2Fe6O24
",177.346326375
"Pr6Ti2Zn2Fe6O24
",85.3211605625
"Pr6Zr2Zn2Fe6O24
",130.710795625
"Pr6Mn8Zn2O24
",99.387515567
"Pr6Hf2Mn6Zn2O24
",97.753715269
"Pr6Mn6Nb2Zn2O24
",101.679243394
"Pr6Ta2Mn6Zn2O24
",88.069685269
"Pr6Ti2Mn6Zn2O24
",89.1149867065
"Pr6Zr2Mn6Zn2O24
",89.464121769
"Pr6Zn2Ni8O24
",233.37177602
"Pr6Hf2Zn2Ni6O24
",181.755921787
"Pr6Nb2Zn2Ni6O24
",170.112525858
"Pr6Ta2Zn2Ni6O24
",171.809960608
"Pr6Ti2Zn2Ni6O24
",181.776187974
"Pr6Zr2Zn2Ni6O24
",188.725323037
"La1Pr4Zn3Co8O24
",172.420203064
"La1Pr4Zn3Fe8O24
",171.679717581
"La1Pr4Mn8Zn3O24
",144.746720817
"La1Pr4Zn3Ni8O24
",0.0
"Sr7Zn1Co8O24
",144.367702947
"Sr7Zn1Fe8O24
",146.059828716
"Sr7Mn8Zn1O24
",122.487016344
"Sr7Zn1Ni8O24
",321.795002806
"Sr6Zn2Co8O24
",191.511615135
"Sr6Hf2Zn2Co6O24
",190.002071483
"Sr6Nb2Zn2Co6O24
",166.699388858
"Sr6Ta2Zn2Co6O24
",170.828354358
"Sr6Ti2Zn2Co6O24
",195.159839729
"Sr6Zr2Zn2Co6O24
",190.460889358
"Sr6Zn2Fe8O24
",200.504538216
"Sr6Hf2Zn2Fe6O24
",196.095876287
"Sr6Nb2Zn2Fe6O24
",158.791748983
"Sr6Ta2Zn2Fe6O24
",178.669885608
"Sr6Ti2Zn2Fe6O24
",187.709914537
"Sr6Zr2Zn2Fe6O24
",179.995444162
"Sr6Mn8Zn2O24
",153.899276496
"Sr6Hf2Mn6Zn2O24
",142.483392823
"Sr6Mn6Nb2Zn2O24
",125.081234925
"Sr6Ta2Mn6Zn2O24
",125.776102144
"Sr6Ti2Mn6Zn2O24
",137.316409698
"Sr6Zr2Mn6Zn2O24
",125.772960698
"Sr6Zn2Ni8O24
",369.780134181
"Sr6Hf2Zn2Ni6O24
",350.019596699
"Sr6Nb2Zn2Ni6O24
",306.666897145
"Sr6Ta2Zn2Ni6O24
",302.985862645
"Sr6Ti2Zn2Ni6O24
",335.551879324
"Sr6Zr2Zn2Ni6O24
",319.706164574
"Sr4La1Zn3Co8O24
",229.722452072
"Sr4La1Zn3Fe8O24
",227.914068689
"Sr4La1Mn8Zn3O24
",172.040538871
"Sr4La1Zn3Ni8O24
",381.107806842
"Y7Zn1Co8O24
",84.4124962184
"Y7Zn1Fe8O24
",54.9497902145
"Y7Mn8Zn1O24
",59.679202692
"Y7Zn1Ni8O24
",185.728826305
"Y6Zn2Co8O24
",119.298373532
"Y6Hf2Zn2Co6O24
",124.022946546
"Y6Nb2Zn2Co6O24
",119.65758775
"Y6Ta2Zn2Co6O24
",114.36792625
"Y6Ti2Zn2Co6O24
",103.964993921
"Y6Zr2Zn2Co6O24
",116.890894504
"Y6Zn2Fe8O24
",93.3858524289
"Y6Hf2Zn2Fe6O24
",137.488659125
"Y6Nb2Zn2Fe6O24
",209.8826285
"Y6Ta2Zn2Fe6O24
",127.740217
"Y6Ti2Zn2Fe6O24
",70.6664565
"Y6Zr2Zn2Fe6O24
",72.3673570833
"Y6Mn8Zn2O24
",77.0450205253
"Y6Hf2Mn6Zn2O24
",91.156936519
"Y6Mn6Nb2Zn2O24
",88.4608474773
"Y6Ta2Mn6Zn2O24
",80.9403347273
"Y6Ti2Mn6Zn2O24
",74.5855168107
"Y6Zr2Mn6Zn2O24
",83.809256644
"Y6Zn2Ni8O24
",228.914530895
"Y6Hf2Zn2Ni6O24
",187.427676662
"Y6Nb2Zn2Ni6O24
",165.793652358
"Y6Ta2Zn2Ni6O24
",156.941240858
"Y6Ti2Zn2Ni6O24
",174.631224037
"Y6Zr2Zn2Ni6O24
",187.51962462
"La1Y4Zn3Co8O24
",168.464956314
"La1Y4Zn3Fe8O24
",158.367409518
"La1Y4Mn8Zn3O24
",121.204438234
"La1Y4Zn3Ni8O24
",291.955557984
"Ba8Hf4Co4O24
",131.350152405
"Ba8Hf6Co2O24
",70.2166732026
"Ba8Hf7Co1O24
",45.7531836013
"Ba8Nb4Co4O24
",37.9332462026
"Ba8Nb7Co1O24
",45.073198625
"Ba8Ta4Co4O24
",21.6105345
"Ba8Ta6Co2O24
",58.9939170208
"Ba8Ta7Co1O24
",109.47390069
"Ba8Zr4Co4O24
",92.4493164052
"Ba8Zr6Co2O24
",28.9476692026
"Ba8Zr7Co1O24
",0.0
"Ba8Hf4Fe4O24
",63.0457358456
"Ba8Hf6Fe2O24
",38.7490899228
"Ba8Hf7Fe1O24
",23.5011419614
"Ba8Nb4Fe4O24
",24.184234
"Ba8Nb6Fe2O24
",24.8926086667
"Ba8Nb7Fe1O24
",25.66391325
"Ba8Ta4Fe4O24
",0.0
"Ba8Ta6Fe2O24
",121.571007147
"Ba8Ta7Fe1O24
",76.6050637187
"Ca8Fe8O24
",183.350687466
"Ba7Ca1Fe8O24
",97.8662705723
"Ba6Ca2Fe8O24
",118.303763453
"Ba4Ca4Fe8O24
",163.185749216
"Ba2Ca6Fe8O24
",171.608093341
"Ba7Ce1Fe8O24
",87.3132966495
"Ba6Ce2Fe8O24
",120.214815608
"Dy8Fe8O24
",390.4260105
"Ba7Dy1Fe8O24
",95.1442246079
"Ba6Dy2Fe8O24
",121.368421525
"Ba4Dy4Fe8O24
",236.177315358
"Ba2Dy6Fe8O24
",270.007912929
"Gd8Fe8O24
",293.7439885
"Ba7Gd1Fe8O24
",83.920796936
"Ba6Gd2Fe8O24
",98.5115661808
"Ba4Gd4Fe8O24
",108.66685467
"Ba2Gd6Fe8O24
",70.9734215852
"Ho8Fe8O24
",417.7519315
"Ba7Ho1Fe8O24
",99.0662208891
"Ba6Ho2Fe8O24
",129.128414087
"Ba4Ho4Fe8O24
",254.265050483
"Ba2Ho6Fe8O24
",291.384615991
"Ba7La1Fe8O24
",66.0766101048
"Ba7La1Fe7Co1O24
",86.0496631495
"Ba7La1Fe6Co2O24
",97.0462161943
"Ba7La1Fe4Co4O24
",111.442293772
"Ba6La2Fe8O24
",60.3566925184
"Ba6La2Fe7Co1O24
",73.0199955631
"Ba6La2Fe6Co2O24
",89.7212986079
"Ba6La2Fe4Co4O24
",100.971120483
"Ba4La4Fe6Co2O24
",106.61645203
"Mg8Fe8O24
",636.339324716
"Ba7Mg1Fe8O24
",156.229729822
"Ba6Mg2Fe8O24
",236.664681953
"Ba4Mg4Fe8O24
",408.488586216
"Ba2Mg6Fe8O24
",515.805330466
"Nd8Fe8O24
",209.8692985
"Ba7Nd1Fe8O24
",71.9005615423
"Ba6Nd2Fe8O24
",73.9283453934
"Ba4Nd4Fe8O24
",122.389663096
"Ba2Nd6Fe8O24
",132.814980798
"Ba7Pr1Fe8O24
",68.6792013548
"Ba6Pr2Fe8O24
",67.1398750184
"Sm8Fe8O24
",272.8043925
"Ba7Sm1Fe8O24
",78.6712295423
"Ba6Sm2Fe8O24
",88.1149313934
"Ba4Sm4Fe8O24
",157.715585096
"Ba2Sm6Fe8O24
",178.235738798
"Sr8Fe8O24
",86.4303692157
"Ba7Sr1Fe8O24
",80.7377666536
"Ba6Sr2Fe8O24
",84.202505616
"Ba4Sr4Fe8O24
",92.5437335409
"Ba2Sr6Fe8O24
",89.5029614657
"Ba8Al8O24
",227.491284799
"Ba8Al1Fe7O24
",113.135302229
"Ba8Al2Fe6O24
",136.316076767
"Ba8Al4Fe4O24
",175.379625843
"Ba8Al6Fe2O24
",201.81756512
"Ba8Fe2Nb1Co5O24
",122.31135567
"Ba8Cu8O24
",274.349273966
"Ba8Fe7Cu1O24
",103.801110549
"Ba8Fe6Cu2O24
",134.180693408
"Ba8Fe4Cu4O24
",198.061859124
"Ba8Fe2Cu6O24
",237.521274841
"Ba8Ga8O24
",278.307781849
"Ba8Ga1Fe7O24
",102.036436282
"Ba8Ga2Fe6O24
",128.364344873
"Ba8Ga4Fe4O24
",182.740912055
"Ba8Ga6Fe2O24
",238.334229236
"Ba8Hf8O24
",8.216444
"Ba8Hf1Fe7O24
",73.4978297298
"Ba8Hf2Fe6O24
",71.4456317684
"Ba8Hf4Fe4O24
",63.3627358456
"Ba8Ir8O24
",163.297864937
"Ba8Fe7Ir1O24
",32.0094037038
"Ba8Fe6Ir2O24
",0.0
"Ba8Fe4Ir4O24
",0.0
"Ba8Mo8O24
",643.729766
"Ba8Fe7Mo1O24
",127.681884176
"Ba8Fe6Mo2O24
",179.258723131
"Ba8Fe4Mo4O24
",347.3831
"Ba8Nb8O24
",7.667046
"Ba8Nb1Fe7O24
",69.4361417684
"Ba8Nb2Fe6O24
",57.3220058456
"Ba8Os8O24
",92.4561079091
"Ba8Fe7Os1O24
",34.7342257044
"Ba8Fe6Os2O24
",29.459108777
"Ba8Fe4Os4O24
",0.0
"Ba8Pd8O24
",90.406833621
"Ba8Fe7Pd1O24
",75.8782445399
"Ba8Fe6Pd2O24
",69.2869613885
"Ba8Fe4Pd4O24
",41.601287871
"Ba8Pt8O24
",156.627930263
"Ba8Fe7Pt1O24
",63.6890316765
"Ba8Fe6Pt2O24
",49.3432856618
"Ba8Fe4Pt4O24
",9.7967661695
"Ba8Re8O24
",158.218632333
"Ba8Fe7Re1O24
",30.403271269
"Ba8Fe6Re2O24
",5.9009611652
"Ba8Fe4Re4O24
",0.678471
"Ba8Rh8O24
",114.525327049
"Ba8Fe7Rh1O24
",56.1529987529
"Ba8Fe6Rh2O24
",36.5282198147
"Ba8Fe4Rh4O24
",7.4876619381
"Ba8Ru8O24
",56.6738366667
"Ba8Fe7Ru1O24
",36.3631922476
"Ba8Fe6Ru2O24
",12.9458568039
"Ba8Fe4Ru4O24
",0.0
"Ba8Ta8O24
",50.0993
"Ba8Ta1Fe7O24
",54.2920320481
"Ba8Ta2Fe6O24
",27.313536405
"Ba8Ta4Fe4O24
",0.0
"Ba8Tc8O24
",15.621525
"Ba8Fe7Tc1O24
",0.0
"Ba8Fe6Tc2O24
",0.0
"Ba8Fe4Tc4O24
",0.0
"Ba8Y8O24
",141.664751466
"Ba8Y1Fe7O24
",73.8023139057
"Ba8Y2Fe6O24
",63.1512971348
"Ba8Y4Fe4O24
",64.5049606079
"Ba8Zn8O24
",357.160728765
"Ba8Zn1Fe7O24
",101.797990325
"Ba8Zn2Fe6O24
",128.57645296
"Ba8Zn4Fe4O24
",197.421378228
"Ba8Zn6Fe2O24
",261.724803496
"Ba8Zr8O24
",0.0
"Ba8Zr1Fe7O24
",64.6627457298
"Ba8Zr2Fe6O24
",53.5777137684
"Ba8Zr3Fe5O24
",40.029931807
"Ba8Zr4Fe4O24
",26.8896498456
"Ba8Zr6Fe2O24
",0.0
"Ba8Zr7Fe1O24
",0.0
"Ba8Zr6Fe1Co1O24
",19.4608832651
"Ba8Zr5Fe1Co2O24
",56.4799568664
"Ba8Zr3Fe1Co4O24
",74.586104069
"Ba8Zr6Fe1Cu1O24
",29.163207289
"Ba8Zr5Fe1Cu2O24
",78.0236106166
"Ba8Zr3Fe1Cu4O24
",149.611167272
"Ba8Hf1Zr6Fe1O24
",0.0
"Ba8Hf2Zr5Fe1O24
",0.0
"Ba8Hf4Zr3Fe1O24
",1.1676399614
"Ba8Zr6Fe1Mo1O24
",53.828979
"Ba8Zr5Fe1Mo2O24
",130.86141575
"Ba8Zr3Fe1Mo4O24
",307.83053925
"Ba8Zr6Nb1Fe1O24
",0.0
"Ba8Zr5Nb2Fe1O24
",0.0
"Ba8Zr3Nb4Fe1O24
",10.5881855
"Ba8Zr6Fe1Ni1O24
",22.6412638903
"Ba8Zr5Fe1Ni2O24
",66.1459738193
"Ba8Zr3Fe1Ni4O24
",140.134457153
"Ba8Zr6Ta1Fe1O24
",0.0
"Ba8Zr5Ta2Fe1O24
",0.0
"Ba8Zr3Ta4Fe1O24
",29.91808225
"Ba8Zr6Fe1W1O24
",80.30888725
"Ba8Zr6Zn1Fe1O24
",31.129048557
"Ba8Zr5Zn2Fe1O24
",79.3342931526
"Ba8Zr3Zn4Fe1O24
",177.633032344
"Ba8Hf4Ni4O24
",177.441803716
"Ba8Hf6Ni2O24
",96.8586983579
"Ba8Hf7Ni1O24
",51.8644461789
"Ba8Nb4Ni4O24
",70.3541023579
"Ba8Nb6Fe2O24
",236.699858667
"Ba8Nb7Ni1O24
",74.7720530417
"Ba8Ta4Ni4O24
",88.1834983579
"Ba8Ta6Ni2O24
",112.0035505
"Ba8Ta7Ni1O24
",127.239966608
"Ba8Zr4Ni4O24
",139.599683716
"Ba8Zr6Ni2O24
",50.4901918579
"Ba8Zr7Ni1O24
",0.0
"Ba4Sr4Al8O24
",212.302521091
"Ba4Sr4Al1Fe7O24
",127.825789025
"Ba4Sr4Al2Fe6O24
",149.85009451
"Ba4Sr4Al4Fe4O24
",198.106664217
"Ba4Sr4Al6Fe2O24
",206.158236245
"Ba4Sr4Cu8O24
",288.486562824
"Ba4Sr4Fe7Cu1O24
",119.77883703
"Ba4Sr4Fe6Cu2O24
",151.797440519
"Ba4Sr4Fe4Cu4O24
",218.946397498
"Ba4Sr4Fe2Cu6O24
",253.560445966
"Ba4Sr4Ga8O24
",289.712977799
"Ba4Sr4Ga1Fe7O24
",118.302657605
"Ba4Sr4Ga2Fe6O24
",145.197831669
"Ba4Sr4Ga4Fe4O24
",202.689679797
"Ba4Sr4Ga6Fe2O24
",251.771743647
"Ba4Sr4Zn8O24
",377.502008598
"Ba4Sr4Zn1Fe7O24
",119.774983252
"Ba4Sr4Zn2Fe6O24
",150.472708246
"Ba4Sr4Zn4Fe4O24
",219.402133514
"Ba4Sr4Zn6Fe2O24
",294.89317499
"Ba2La6Co8O24
",59.6349893815
"Ba4La4Co8O24
",117.650529858
"Ca2La6Co8O24
",50.0254523342
"Ca4La4Co8O24
",75.1559557631
"La6Dy2Co8O24
",59.5521104052
"La4Dy4Co8O24
",70.8357719052
"La6Gd2Co8O24
",0.0
"La4Gd4Co8O24
",0.0
Co8Ho2O24La6,0.0
"La4Ho4Co8O24
",71.2267570302
"La6Nd2Co8O24
",33.9191772177
"La4Nd4Co8O24
",41.1709055302
"La6Sm2Co8O24
",43.192815874
"La4Sm4Co8O24
",59.0546828427
"Sr2La6Co8O24
",33.1384553579
"Sr4La4Co8O24
",45.2159618105
"La8Cr1Co7O24
",34.4706557296
"La8Cr2Co6O24
",60.1231125539
"La8Fe1Co7O24
",40.9146349171
"La8Fe2Co6O24
",39.3315709289
"La8Mg1Co7O24
",0.0
"La8Mg2Co6O24
",0.0
"La8Mg4Co4O24
",0.0
"La8Mn1Co7O24
",27.9926398279
"La8Mn2Co6O24
",29.9490807506
"La8Co7Ni1O24
",48.9115430065
"La8Co6Ni2O24
",47.0181371079
"La8Co4Ni4O24
",55.7153253105
"La8Co8O24
",25.8389489052
"Ba2La6Cr8O24
",16.6684097187
"Ba4La4Cr8O24
",62.1679659375
"Ca2La6Cr8O24
",0.0
"Ca4La4Cr8O24
",0.2039726667
"La4Dy4Cr8O24
",0.0
"La6Gd2Cr8O24
",0.0
"La4Gd4Cr8O24
",0.0
"La6Ho2Cr8O24
",0.0
"La4Ho4Cr8O24
",0.0
"La6Nd2Cr8O24
",0.0
"La4Nd4Cr8O24
",0.0
"La6Sm2Cr8O24
",0.0
"La4Sm4Cr8O24
",0.0
"Sr2La6Cr8O24
",0.0
"Sr4La4Cr8O24
",4.514301375
"La8Cr7Co1O24
",0.0
"La8Cr6Co2O24
",0.0
"La8Cr4Co4O24
",0.0
"La8Cr7Fe1O24
",0.0
"La8Cr6Fe2O24
",0.0
"La8Mg1Cr7O24
",0.0
"La8Mg2Cr6O24
",0.0
"La8Mg4Cr4O24
",0.0
"La8Mn1Cr7O24
",0.0
"La8Mn2Cr6O24
",0.0
"La8Mn4Cr4O24
",0.0
"La8Cr7Ni1O24
",0.0
"La8Cr6Ni2O24
",0.0
"La8Cr4Ni4O24
",0.0
"La8Cr8O24
",0.0
"Ba2La6Fe8O24
",0.0
"Ba4La4Fe8O24
",3.6081073456
"Ca2La6Fe8O24
",0.0
"Ca4La4Fe8O24
",0.5934372329
"La6Dy2Fe8O24
",0.0
"La4Dy4Fe8O24
",0.0
"La6Gd2Fe8O24
",0.0
"La4Gd4Fe8O24
",0.0
"La6Ho2Fe8O24
",0.0
"La4Ho4Fe8O24
",0.0
"La6Nd2Fe8O24
",0.0
"La4Nd4Fe8O24
",0.0
"La6Sm2Fe8O24
",0.0
"La4Sm4Fe8O24
",0.0
"Sr2La6Fe8O24
",0.0
"Sr4La4Fe8O24
",0.0
"La8Fe7Co1O24
",0.0
"La8Fe6Co2O24
",0.0
"La8Fe4Co4O24
",1.9209429526
"La8Cr1Fe7O24
",0.0
"La8Cr2Fe6O24
",19.901478625
"La8Cr4Fe4O24
",0.0
"La8Mg1Fe7O24
",0.0
"La8Mg2Fe6O24
",0.0
"La8Mg4Fe4O24
",0.0
"La8Mn1Fe7O24
",0.0
"La8Mn2Fe6O24
",27.030439173
"La8Mn4Fe4O24
",0.0
"La8Fe7Ni1O24
",0.0
"La8Fe6Ni2O24
",0.0
"La8Fe4Ni4O24
",0.0
"La8Fe8O24
",0.0
"Ba2La6Ga8O24
",94.5062097102
"Ba4La4Ga8O24
",169.769380462
"Ca2La6Ga8O24
",73.9741468307
"Ca4La4Ga8O24
",139.370003947
"La6Dy2Ga8O24
",25.3695907381
"La4Dy4Ga8O24
",32.0782685125
"La6Gd2Ga8O24
",85.9609736131
"La4Gd4Ga8O24
",89.2356505937
"La6Ho2Ga8O24
",26.8282538631
"La4Ho4Ga8O24
",33.56831065
"La6Nd2Ga8O24
",12.6328149464
"La4Nd4Ga8O24
",15.4429064062
"La6Sm2Ga8O24
",17.3373103214
"La4Sm4Ga8O24
",22.3715508958
"Sr2La6Ga8O24
",75.3897667571
"Sr4La4Ga8O24
",135.168012577
"La8Ga7Co1O24
",11.847970823
"La8Ga6Co2O24
",16.5750555745
"La8Ga4Co4O24
",26.3184750776
"La8Cr1Ga7O24
",1.747132
"La8Cr2Ga6O24
",0.0
"La8Mn4Ga4O24
",0.0
"La8Ga7Fe1O24
",0.0
"La8Ga6Fe2O24
",0.0
"La8Ga4Fe4O24
",0.0
"La8Mg1Ga7O24
",34.9408400761
"La8Mg2Ga6O24
",60.3605981789
"La8Mg4Ga4O24
",108.224668483
"La8Mn1Ga7O24
",33.436112274
"La8Mn2Ga6O24
",7.7455884766
"La8Ga7Ni1O24
",25.1748038261
"La8Ga6Ni2O24
",40.6187326789
"La8Ga4Ni4O24
",67.0851014829
"La8Ga8O24
",6.3713860714
"Ba2La6Mn8O24
",43.3637207337
"Ca2La6Mn8O24
",32.789930692
"Ca4La4Mn8O24
",38.146165692
"La6Dy2Mn8O24
",53.842554067
"La4Dy4Mn8O24
",60.521912442
"La6Gd2Mn8O24
",0.0
"La4Gd4Mn8O24
",0.0
"La6Ho2Mn8O24
",56.751733567
"La4Ho4Mn8O24
",65.031271442
"La6Nd2Mn8O24
",40.254439817
"La4Nd4Mn8O24
",40.835433942
"La6Sm2Mn8O24
",43.488231192
"La4Sm4Mn8O24
",44.850516692
"Sr2La6Mn8O24
",32.1439513587
"Sr4La4Mn8O24
",39.241275192
"La8Mn7Co1O24
",36.507512418
"La8Mn6Co2O24
",48.994329144
"La8Mn4Co4O24
",26.702212596
"La8Mn7Cr1O24
",43.125215418
"La8Mn6Cr2O24
",49.847735144
"La8Mn7Fe1O24
",40.2646946055
"La8Mn6Fe2O24
",43.995693519
"La8Mg1Mn7O24
",0.0
"La8Mg2Mn6O24
",0.0
"La8Mg4Mn4O24
",0.0
"La8Mn7Ni1O24
",31.343352695
"La8Mn6Ni2O24
",19.2047596979
"La8Mn4Ni4O24
",0.4420737039
"La8Mn8O24
",39.226445692
"Ba2La6Ni8O24
",162.308582145
"Ba4La4Ni8O24
",210.808929074
"Ca2La6Ni8O24
",178.001455145
"Ca4La4Ni8O24
",232.209208574
"La6Dy2Ni8O24
",157.374363216
"La4Dy4Ni8O24
",181.910774716
"La6Gd2Ni8O24
",0.0
"La6Ho2Ni8O24
",161.615855778
"La4Ho4Ni8O24
",189.644509841
"La6Nd2Ni8O24
",131.304680028
"La4Nd4Ni8O24
",133.559658341
"La6Sm2Ni8O24
",140.198318684
"La4Sm4Ni8O24
",150.508185653
"Sr2La6Ni8O24
",155.792869145
"Sr4La4Ni8O24
",194.268536574
"La8Co1Ni7O24
",108.979857614
"La8Co2Ni6O24
",86.4067635131
"La8Cr1Ni7O24
",114.247314439
"La8Cr2Ni6O24
",95.7636771618
"La8Fe1Ni7O24
",115.200293626
"La8Fe2Ni6O24
",102.514385537
"La8Mg1Ni7O24
",0.0
"La8Mg2Ni6O24
",0.0
"La8Mg4Ni4O24
",0.0
"La8Mn1Ni7O24
",100.457044713
"La8Mn2Ni6O24
",69.2693877098
"La8Ni8O24
",128.935951716
"Ba2La6Sc8O24
",14.0944440539
"Ba4La4Sc8O24
",42.2958931079
"Ca2La6Sc8O24
",30.4689790539
"Ca4La4Sc8O24
",87.3607131079
"La6Dy2Sc8O24
",0.0
"La4Dy4Sc8O24
",0.0
"La6Gd2Sc8O24
",30.22875
"La4Gd4Sc8O24
",29.653255
"La6Ho2Sc8O24
",0.0
"La4Ho4Sc8O24
",0.992490625
"La6Nd2Sc8O24
",0.0
"La4Nd4Sc8O24
",0.0
"La6Sm2Sc8O24
",0.0
"La4Sm4Sc8O24
",0.0
"Sr2La6Sc8O24
",11.9314874914
"Sr4La4Sc8O24
",49.3632299829
"La8Sc7Co1O24
",0.0
"La8Sc6Co2O24
",0.0
"La8Sc4Co4O24
",0.0
"La8Sc7Cr1O24
",0.0
"La8Sc6Cr2O24
",0.0
"La8Sc4Cr4O24
",0.0
"La8Sc7Fe1O24
",0.0
"La8Sc6Fe2O24
",0.0
"La8Sc4Fe4O24
",0.0
"La8Mg1Sc7O24
",5.0562563395
"La8Mg2Sc6O24
",34.3690176789
"La8Mg4Sc4O24
",89.9135403579
"La8Sc7Mn1O24
",9.5235200865
"La8Sc6Mn2O24
",0.0
"La8Sc4Mn4O24
",0.0
"La8Sc7Ni1O24
",0.0
"La8Sc6Ni2O24
",16.2043591789
"La8Sc4Ni4O24
",44.4184733579
"La8Sc8O24
",0.0
"Ba2La6Ti8O24
",14.8100515625
"Ba4La4Ti8O24
",13.804608375
"Ca2La6Ti8O24
",8.970625875
"Ca4La4Ti8O24
",0.0
"La6Dy2Ti8O24
",52.6296356875
"La4Dy4Ti8O24
",60.680276625
"La6Gd2Ti8O24
",34.5198214375
"La4Gd4Ti8O24
",34.149398125
"La6Ho2Ti8O24
",55.3782776875
"La4Ho4Ti8O24
",62.110810625
"La6Nd2Ti8O24
",35.5034056875
"La4Nd4Ti8O24
",40.797316625
"La6Sm2Ti8O24
",42.324806125
"La4Sm4Ti8O24
",50.8263675
"Sr2La6Ti8O24
",7.3789669861
"Sr4La4Ti8O24
",0.0
"La8Ti7Co1O24
",88.3802996944
"La8Ti6Co2O24
",141.470543625
"La8Ti4Co4O24
",23.94141725
"La8Ti7Cr1O24
",74.7468692031
"La8Ti6Cr2O24
",117.125778375
"La8Ti4Cr4O24
",62.9442200833
"La8Ti7Fe1O24
",79.2325764722
"La8Ti6Fe2O24
",118.542972875
"La8Ti4Fe4O24
",28.81237225
"La8Mg1Ti7O24
",25.722252
"La8Mg2Ti6O24
",24.13350925
"La8Mg4Ti4O24
",22.18427375
"La8Ti7Mn1O24
",65.3557068672
"La8Ti6Mn2O24
",95.520522806
"La8Ti4Mn4O24
",37.348833846
"La8Ti7Ni1O24
",122.038739417
"La8Ti6Ni2O24
",208.989074875
"La8Ti4Ni4O24
",39.83120675
"La8Ti8O24
",30.17024475
"Ba2La6V8O24
",53.85203387
"Ba4La4V8O24
",79.64651974
"Ca2La6V8O24
",33.200068125
"Ca4La4V8O24
",21.88033825
"La6Dy2V8O24
",44.856381
"La4Dy4V8O24
",45.433214
"La6Gd2V8O24
",0.0
"La4Gd4V8O24
",0.0
"La6Ho2V8O24
",47.619279875
"La4Ho4V8O24
",47.26926175
"La6Nd2V8O24
",35.46209575
"La6Sm2V8O24
",26.169518375
"La4Sm4V8O24
",13.39023875
"Sr2La6V8O24
",29.1224504136
"Sr4La4V8O24
",23.6626028272
"La8V7Co1O24
",57.4995003125
"La8V6Co2O24
",61.213702625
"La8V4Co4O24
",31.378064
"La8V7Cr1O24
",36.6852424375
"La8V6Cr2O24
",48.571186875
"La8V4Cr4O24
",49.15732575
"La8V7Fe1O24
",35.123221625
"La8V6Fe2O24
",35.15839525
"La8V4Fe4O24
",28.2257425
"La8Mg1V7O24
",0.0
"La8Mg2V6O24
",0.0
"La8Mg4V4O24
",0.0
"La8Mn1V7O24
",86.889654024
"La8Mn2V6O24
",36.179510048
"La8Mn4V4O24
",73.395222096
"La8V7Ni1O24
",73.0016409375
"La8V6Ni2O24
",117.714483875
"La8V4Ni4O24
",104.542615
"La8V8O24
",36.257048
Sr1Mg2O24Ga6La7,157.595599628
"Ba4Ce4Mn8O24
",119.114167692
"Ba4Dy4Mn8O24
",137.408712525
"Ba4Er4Mn8O24
",150.999876359
"Ba4Gd4Mn8O24
",105.693165317
"Ba4Ho4Mn8O24
",144.194571525
"Ba4La4Mn8O24
",78.0094957753
"Ba4Nd4Mn8O24
",93.9602340253
"Ba4Pr4Mn8O24
",53.5428595253
"Ba4Sm4Mn8O24
",107.975066775
"Ba4Y4Mn8O24
",124.630840359
"Ba4Pr4Mn6Co2O24
",86.5356568286
"Ba4Pr4Mn6Cu2O24
",132.109024281
"Ba4Pr4Mn6Fe2O24
",80.4591079773
"Ba4Pr4Mn6Ni2O24
",112.573845031
Ba4Sr4Fe2Co5Nb1O24,65.294810373
Ba4Sr4Fe2Co5Y1O24,100.859781275
Ba4Sr4Fe2Co5Zr1O24,77.9804427868
"Ba4Sr4Fe2Co6O24
",123.754016388
Sr4Nb1Ba4O24Fe7,26.8325976181
Sr4Zn2Ba4O24Fe6,85.1942082455
O24Co3Ba8Zr2Fe3,58.6508557954
Co3Ba8O24Fe3Y1Zr1,75.8854938579
"Ba7Cd1Hf1Zr6Fe1O24
",0.0
"Ba6Cd2Hf1Zr6Fe1O24
",0.0
"Ba4Cd4Hf1Zr6Fe1O24
",98.580755152
"Ba7Sn1Hf1Zr6Fe1O24
",0.0
"Ba6Sn2Hf1Zr6Fe1O24
",3.5098285625
"Ba4Sn4Hf1Zr6Fe1O24
",85.2336429375
"Ba7Bi1Fe8O24
",100.949224712
"Ba6Bi2Fe8O24
",129.323671733
"Ba4Bi4Fe8O24
",187.39104625
"Ba7Cd1Fe8O24
",126.886312072
"Ba6Cd2Fe8O24
",175.579596453
"Ba4Cd4Fe8O24
",278.984665216
"Ba7Sn1Fe8O24
",185.404210656
"Ba6Sn2Fe8O24
",283.906453358
"Ba4Sn4Fe8O24
",468.0346095
"Ba7Bi1Zr7Fe1O24
",0.0
"Ba6Bi2Zr7Fe1O24
",0.2022891806
"Ba4Bi4Zr7Fe1O24
",138.892854722
"Ba7Cd1Zr7Fe1O24
",22.478400277
"Ba6Cd2Zr7Fe1O24
",59.183823902
"Ba4Cd4Zr7Fe1O24
",151.553671152
"Ba7Sn1Zr7Fe1O24
",21.172087375
"Ba6Sn2Zr7Fe1O24
",52.4822445625
"Ba4Sn4Zr7Fe1O24
",137.126058937
Sr4Bi4O24Fe8,73.18129625
"Bi1Ba3Sr4Fe2Co6O24
",125.292207611
"Bi2Ba2Sr4Fe2Co6O24
",126.881898834
"Bi4Sr4Fe2Co6O24
",170.388617304
"Ba3Sr3La2Mn1Fe7O24
",0.0
"La2Sr6Cr2Fe6O24
",89.81673775
"Ba6La2Mn2Fe6O24
",69.972385481
"Ba8Mn2Zr1Fe5O24
",0.0
"Ba7Sr1Mn1Fe7O24
",87.7843631349
"Ba7Sr1Mn2Fe6O24
",93.6717096162
"Ba8Fe2Nb1Co5O24
",122.31135567
"Ba8Cr8O24
",15.007828375
"Ba8Ti8O24
",19.340972
"Ba8V8O24
",0.0
"Ca8Cr8O24
",0.0
"Ca8Ti8O24
",12.44807725
"Ca8V8O24
",0.0
Sr8O24Cr8,0.0
"Sr8Ti8O24
",8.691789
"Ba4Gd4Co8O24
",130.59739217
Fe6Co2Ba6O24La2,32.9412986079
"La5Sr3Fe6Co2O24
",47.0862504559
O24Sr3Fe6Cu2La5,4.3671768848
"Ba6Bi1La1Fe8O24
",93.4258071256
"Ba5Bi2La1Fe8O24
",127.378189206
"Ba3Bi4La1Fe8O24
",171.956702719
"Ba6Cd1La1Fe8O24
",114.554644486
"Ba5Cd2La1Fe8O24
",166.187428867
"Ba3Cd4La1Fe8O24
",258.665309564
"Ba6Sn1La1Fe8O24
",158.427043069
"Ba5Sn2La1Fe8O24
",276.028720831
"Ba3Sn4La1Fe8O24
",285.948164375
"Ba3Bi1Pr4Co8O24
",109.033410819
"Ba2Bi2Pr4Co8O24
",106.70233503
"Bi4Pr4Co8O24
",69.4735155302
"Ba3Cd1Pr4Ni8O24
",257.075962699
"Ba2Cd2Pr4Ni8O24
",284.898189574
"Cd4Pr4Ni8O24
",298.368831324
"Ba3Sn1Pr4Ni8O24
",263.83957477
"Ba2Sn2Pr4Ni8O24
",276.340268528
"Sn4Pr4Ni8O24
",232.454010858
"Sr4Sm4Co8O24
",83.917195748
Sr8Co6Fe2O24,44.5414483407
Sr8Nb1Fe7O24,0.0
Sc2Sr8Co6O24,0.0
"Ba4Pr4Hf4Co4O24
",99.7625282026
"Ba4Pr4Hf6Co2O24
",48.464530625
"Ba4Pr4Hf7Co1O24
",185.524542312
"Ba4Pr4Nb4Co4O24
",52.0286768333
"Ba4Pr4Nb6Co2O24
",251.36028695
"Ba4Pr4Nb7Co1O24
",207.515713527
"Ba4Pr4Ta4Co4O24
",39.9617942
"Ba4Pr4Ta6Co2O24
",294.4157031
"Ba4Pr4Ta7Co1O24
",280.87646981
"Ba4Pr4Zr4Co4O24
",77.8684422026
"Ba4Pr4Zr6Co2O24
",47.369345875
"Ba4Pr4Zr7Co1O24
",165.778433187
"Ba4Pr4Hf4Fe4O24
",0.0
"Ba4Pr4Hf6Fe2O24
",139.763133125
"Ba4Pr4Hf7Fe1O24
",197.246256937
"Ba4Pr4Nb4Fe4O24
",42.1689745
"Ba4Pr4Nb6Fe2O24
",211.4607162
"Ba4Pr4Nb7Fe1O24
",202.664553441
"Ba4Pr4Ta4Fe4O24
",31.5202492
"Ba4Pr4Ta6Fe2O24
",281.102442575
"Ba4Pr4Ta7Fe1O24
",286.014919019
"Ba4Pr4Zr4Fe4O24
",126.7773445
"Ba4Pr4Zr6Fe2O24
",202.283948375
"Ba4Pr4Zr7Fe1O24
",175.569397812
"Ba4Pr4Hf4Ni4O24
",230.921904608
"Ba4Pr4Hf6Ni2O24
",140.538550375
"Ba4Pr4Hf7Ni1O24
",229.064682937
"Ba4Pr4Nb4Ni4O24
",134.5064424
"Ba4Pr4Nb6Ni2O24
",321.98957475
"Ba4Pr4Ta4Ni4O24
",139.345081333
"Ba4Pr4Ta6Ni2O24
",367.6244316
"Ba4Pr4Ta7Ni1O24
",299.692484775
"Ba4Pr4Zr4Ni4O24
",199.684568608
"Ba4Pr4Zr6Ni2O24
",128.448865625
"Ba4Pr4Zr7Ni1O24
",211.476823813
"Ba2Pr6Co8O24
",62.4940495065
"Ba4Pr4Co8O24
",113.901486608
"Ca2Pr6Co8O24
",49.6917624592
"Ca4Pr4Co8O24
",73.1341625131
"Pr6Dy2Co8O24
",48.0411705302
"Pr4Dy4Co8O24
",50.8392286552
"Pr6Gd2Co8O24
",0.0
"Pr4Gd4Co8O24
",0.0
"Pr6Ho2Co8O24
",47.4586630927
"Pr4Ho4Co8O24
",57.3822137802
"Pr6Nd2Co8O24
",25.0244873427
"Pr4Nd4Co8O24
",25.3031122802
"Pr6Sm2Co8O24
",47.801375999
"Pr4Sm4Co8O24
",35.0768895927
"Sr2Pr6Co8O24
",38.1465154829
"Sr4Pr4Co8O24
",64.9749185605
"Pr8Cr1Co7O24
",22.3740347177
"Pr8Cr2Co6O24
",29.1802070302
"Pr8Cr4Co4O24
",13.1808016552
"Pr8Fe1Co7O24
",42.2355879796
"Pr8Fe2Co6O24
",36.1695635539
"Pr8Fe4Co4O24
",40.8070147026
"Pr8Mg1Co7O24
",0.0
"Pr8Mg2Co6O24
",0.0
"Pr8Mg4Co4O24
",0.0
"Pr8Mn1Co7O24
",26.2303387536
"Pr8Mn2Co6O24
",29.3008151019
"Pr8Co7Ni1O24
",32.9759565065
"Pr8Co6Ni2O24
",28.0575506079
"Pr8Co4Ni4O24
",95.3324888105
"Pr8Co8O24
",22.4196124052
"Ba2Pr6Cr8O24
",33.6549837917
"Ba4Pr4Cr8O24
",100.440194583
"Ca2Pr6Cr8O24
",13.8924376789
"Ca4Pr4Cr8O24
",51.4231023579
"Pr6Dy2Cr8O24
",0.0
"Pr4Dy4Cr8O24
",9.106651
"Pr6Gd2Cr8O24
",0.0
"Pr4Gd4Cr8O24
",0.0
"Pr6Ho2Cr8O24
",0.0
"Pr4Ho4Cr8O24
",10.51108275
"Pr6Nd2Cr8O24
",0.0
"Pr4Nd4Cr8O24
",1.40097275
"Pr6Sm2Cr8O24
",0.0
"Pr4Sm4Cr8O24
",0.0
"Sr2Pr6Cr8O24
",12.1655324167
"Sr4Pr4Cr8O24
",54.4675418333
"Pr8Cr7Co1O24
",0.0
"Pr8Cr6Co2O24
",0.0
"Pr8Cr7Fe1O24
",0.0
"Pr8Cr6Fe2O24
",0.0
"Pr8Mg1Cr7O24
",0.0
"Pr8Mg2Cr6O24
",0.0
"Pr8Mg4Cr4O24
",0.0
"Pr8Mn1Cr7O24
",0.0
"Pr8Mn2Cr6O24
",0.0
"Pr8Mn4Cr4O24
",21.517473096
"Pr8Cr7Ni1O24
",0.0
"Pr8Cr6Ni2O24
",0.0
"Pr8Cr4Ni4O24
",18.4401941079
"Pr8Cr8O24
",0.0
"Ba2Pr6Fe8O24
",58.8853196728
"Ba4Pr4Fe8O24
",78.1817223456
"Ca2Pr6Fe8O24
",55.4728596164
"Ca4Pr4Fe8O24
",72.0108022329
"Pr6Dy2Fe8O24
",51.238815375
"Pr4Dy4Fe8O24
",51.31971375
"Pr6Gd2Fe8O24
",0.0
"Pr4Gd4Fe8O24
",0.0
"Pr6Ho2Fe8O24
",52.565170625
"Pr4Ho4Fe8O24
",52.52667425
"Pr6Nd2Fe8O24
",44.848887375
"Pr4Nd4Fe8O24
",44.92360775
"Pr6Sm2Fe8O24
",47.141973375
"Pr4Sm4Fe8O24
",48.18377975
"Sr2Pr6Fe8O24
",48.3755925539
"Sr4Pr4Fe8O24
",58.5465181079
"Pr8Fe7Co1O24
",45.5261914257
"Pr8Fe6Co2O24
",47.9204658513
"Pr8Cr1Fe7O24
",30.80780525
"Pr8Cr2Fe6O24
",17.0719435
"Pr8Cr4Fe4O24
",0.0
"Pr8Mg1Fe7O24
",0.0
"Pr8Mg2Fe6O24
",0.0
"Pr8Mg4Fe4O24
",0.0
"Pr8Mn1Fe7O24
",48.100167774
"Pr8Mn2Fe6O24
",50.948668548
"Pr8Fe7Ni1O24
",47.545535527
"Pr8Fe6Ni2O24
",54.0734040539
"Pr8Fe4Ni4O24
",69.8113911079
"Pr8Fe8O24
",44.549417
"Ba2Pr6Ga8O24
",155.465078116
"Ba4Pr4Ga8O24
",234.8007094
"Ca2Pr6Ga8O24
",132.773863413
"Ca4Pr4Ga8O24
",204.099993472
"Pr6Dy2Ga8O24
",75.4658120833
"Pr4Dy4Ga8O24
",90.00434745
"Pr6Gd2Ga8O24
",67.7439449583
"Pr4Gd4Ga8O24
",78.3502295312
"Pr6Ho2Ga8O24
",76.7577252083
"Pr4Ho4Ga8O24
",91.3811395875
"Pr6Nd2Ga8O24
",64.5192862917
"Pr4Nd4Ga8O24
",74.5637353438
"Pr6Sm2Ga8O24
",69.4770316667
"Pr4Sm4Ga8O24
",82.9266298333
"Sr2Pr6Ga8O24
",135.991885163
"Sr4Pr4Ga8O24
",202.393591514
"Pr8Ga7Co1O24
",56.5407125895
"Pr8Ga6Co2O24
",60.6316355776
"Pr8Ga4Co4O24
",66.6463829526
"Pr8Cr1Ga7O24
",44.2032278125
"Pr8Cr2Ga6O24
",38.123014625
"Pr8Cr4Ga4O24
",26.27533825
"Pr8Ga7Fe1O24
",46.33040675
"Pr8Ga6Fe2O24
",43.1541225
"Pr8Ga4Fe4O24
",37.473804
"Pr8Mg1Ga7O24
",82.6646597145
"Pr8Mg2Ga6O24
",110.052006054
"Pr8Mg4Ga4O24
",157.158326358
"Pr8Mn1Ga7O24
",54.666157524
"Pr8Mn2Ga6O24
",58.736874048
"Pr8Mn4Ga4O24
",58.332307096
"Pr8Ga7Ni1O24
",76.8321234645
"Pr8Ga6Ni2O24
",97.0888905539
"Pr8Ga4Ni4O24
",129.976759358
"Pr8Ga8O24
",50.298441
"Ba2Pr6Mn8O24
",51.3090163587
"Ca2Pr6Mn8O24
",33.273366692
"Ca4Pr4Mn8O24
",37.033060192
"Pr6Dy2Mn8O24
",50.708099692
"Pr4Dy4Mn8O24
",56.733026192
"Pr6Gd2Mn8O24
",0.0
"Pr4Gd4Mn8O24
",0.0
"Pr6Ho2Mn8O24
",53.390279192
"Pr4Ho4Mn8O24
",60.862885192
"Pr6Nd2Mn8O24
",39.542985442
"Pr4Nd4Mn8O24
",39.693297692
"Pr6Sm2Mn8O24
",41.664526817
"Pr4Sm4Mn8O24
",42.815880442
"Sr2Pr6Mn8O24
",28.249643567
"Sr4Pr4Mn8O24
",34.011113942
"Pr8Mn7Co1O24
",41.2956968437
"Pr8Mn6Co2O24
",45.2879704953
"Pr8Mn4Co4O24
",0.0
"Pr8Mn7Cr1O24
",34.251060668
"Pr8Mn6Cr2O24
",31.351448144
"Pr8Mn7Fe1O24
",40.760422418
"Pr8Mn6Fe2O24
",44.324421644
"Pr8Mn4Fe4O24
",52.054920096
"Pr8Mg1Mn7O24
",0.0
"Pr8Mg2Mn6O24
",0.0
"Pr8Mg4Mn4O24
",0.0
"Pr8Mn7Ni1O24
",65.031540945
"Pr8Mn6Ni2O24
",18.9559086979
"Pr8Mn8O24
",39.207923192
"Ba2Pr6Ni8O24
",162.89217552
"Ba4Pr4Ni8O24
",214.364169074
"Ca2Pr6Ni8O24
",169.71976527
"Ca4Pr4Ni8O24
",224.402165324
"Pr6Dy2Ni8O24
",138.758173341
"Pr4Dy4Ni8O24
",150.562981466
"Pr6Gd2Ni8O24
",0.0
"Pr4Gd4Ni8O24
",0.0
"Pr6Ho2Ni8O24
",141.471165903
"Pr4Ho4Ni8O24
",154.697466591
"Pr6Nd2Ni8O24
",122.980240153
"Pr4Nd4Ni8O24
",124.729865091
"Pr6Sm2Ni8O24
",128.386128809
"Pr4Sm4Ni8O24
",134.671642403
"Sr2Pr6Ni8O24
",152.42942927
"Sr4Pr4Ni8O24
",195.442993324
"Pr8Co1Ni7O24
",102.151271114
"Pr8Co2Ni6O24
",81.5909270131
"Pr8Cr1Ni7O24
",94.6538849388
"Pr8Cr2Ni6O24
",83.0269046618
"Pr8Fe1Ni7O24
",106.701246689
"Pr8Fe2Ni6O24
",93.8711281618
"Pr8Mg1Ni7O24
",0.0
"Pr8Mg2Ni6O24
",0.0
"Pr8Mg4Ni4O24
",0.0
"Pr8Mn1Ni7O24
",91.3449974628
"Pr8Mn2Ni6O24
",60.7251297098
"Pr8Mn4Ni4O24
",0.0
"Pr8Ni8O24
",120.596615216
"Ba2Pr6Sc8O24
",65.9849631789
"Ba4Pr4Sc8O24
",94.3019058579
"Ca2Pr6Sc8O24
",81.0394981789
"Ca4Pr4Sc8O24
",141.373725858
"Pr6Dy2Sc8O24
",36.1816244687
"Pr4Dy4Sc8O24
",43.1287284375
"Pr6Gd2Sc8O24
",26.491269125
"Pr4Gd4Sc8O24
",26.50926775
"Pr6Ho2Sc8O24
",40.0673869375
"Pr4Ho4Sc8O24
",49.581503375
"Pr6Nd2Sc8O24
",24.413617625
"Pr4Nd4Sc8O24
",25.08521475
"Pr6Sm2Sc8O24
",26.749646375
"Pr4Sm4Sc8O24
",28.58352225
"Sr2Pr6Sc8O24
",63.3172566164
"Sr4Pr4Sc8O24
",102.395742733
"Pr8Sc7Co1O24
",31.1645319882
"Pr8Sc6Co2O24
",36.3567934763
"Pr8Sc4Co4O24
",42.9040664526
"Pr8Sc7Cr1O24
",17.6733958125
"Pr8Sc6Cr2O24
",10.352771125
"Pr8Sc4Cr4O24
",0.0
"Pr8Sc7Fe1O24
",25.7130075625
"Pr8Sc6Fe2O24
",27.595994625
"Pr8Sc4Fe4O24
",28.72421875
"Pr8Mg1Sc7O24
",51.7559553395
"Pr8Mg2Sc6O24
",82.2953901789
"Pr8Mg4Sc4O24
",140.515009858
"Pr8Sc7Mn1O24
",33.6737583365
"Pr8Sc6Mn2O24
",42.749246173
"Pr8Sc4Mn4O24
",51.950721846
"Pr8Sc7Ni1O24
",47.2433760895
"Pr8Sc6Ni2O24
",71.6777316789
"Pr8Sc4Ni4O24
",110.716942858
"Pr8Sc8O24
",23.6410205
"Ba2Pr6Ti8O24
",10.17451175
"Ba4Pr4Ti8O24
",11.5904985
"Ca2Pr6Ti8O24
",19.2994335
"Ca4Pr4Ti8O24
",21.819592
"Pr6Dy2Ti8O24
",66.761333125
"Pr4Dy4Ti8O24
",95.226843375
"Pr6Gd2Ti8O24
",42.3440435938
"Pr4Gd4Ti8O24
",55.0100621875
"Pr6Ho2Ti8O24
",71.1848256875
"Pr4Ho4Ti8O24
",103.2663285
"Pr6Nd2Ti8O24
",44.0103778438
"Pr4Nd4Ti8O24
",54.8277306875
"Pr6Sm2Ti8O24
",52.9102782812
"Pr4Sm4Ti8O24
",70.1397815625
"Sr2Pr6Ti8O24
",0.0
"Sr4Pr4Ti8O24
",0.0
"Pr8Ti7Co1O24
",94.0584551875
"Pr8Ti6Co2O24
",137.881939187
"Pr8Ti4Co4O24
",14.001149625
"Pr8Ti7Cr1O24
",57.6088494687
"Pr8Ti6Cr2O24
",95.4966739375
"Pr8Ti4Cr4O24
",49.4252902917
"Pr8Ti7Fe1O24
",85.8908576875
"Pr8Ti6Fe2O24
",105.442368438
"Pr8Ti4Fe4O24
",19.808604625
"Pr8Mg1Ti7O24
",17.7187702813
"Pr8Mg2Ti6O24
",0.0
"Pr8Mg4Ti4O24
",5.435506125
"Pr8Ti7Mn1O24
",68.9092871406
"Pr8Ti6Mn2O24
",80.6894183685
"Pr8Ti4Mn4O24
",35.728066221
"Pr8Ti7Ni1O24
",125.215369687
"Pr8Ti6Ni2O24
",178.137720437
"Pr8Ti4Ni4O24
",23.228189125
"Pr8Ti8O24
",32.611025
"Ba2Pr6V8O24
",18.9735033
"Ba4Pr4V8O24
",57.144381475
"Ca2Pr6V8O24
",8.6307090469
"Ca4Pr4V8O24
",21.1232453125
"Pr6Dy2V8O24
",0.0
"Pr4Dy4V8O24
",6.8901275625
"Pr6Gd2V8O24
",0.0
"Pr4Gd4V8O24
",0.0
"Pr6Ho2V8O24
",0.0
"Pr4Ho4V8O24
",7.0559253125
"Pr6Nd2V8O24
",3.6982160938
"Pr4Nd4V8O24
",23.2118070625
"Pr6Sm2V8O24
",0.0
"Pr4Sm4V8O24
",9.3649023125
"Sr2Pr6V8O24
",0.0
"Sr4Pr4V8O24
",0.5317663897
"Pr8V7Co1O24
",11.2780820234
"Pr8V6Co2O24
",54.0607889219
"Pr8V4Co4O24
",69.00741775
"Pr8V7Cr1O24
",0.0
"Pr8V6Cr2O24
",0.0
"Pr8V4Cr4O24
",0.0
"Pr8V7Fe1O24
",0.0
"Pr8V6Fe2O24
",5.2067181719
"Pr8V4Fe4O24
",26.1974495
"Pr8Mg1V7O24
",0.0
"Pr8Mg2V6O24
",0.0
"Pr8Mg4V4O24
",0.0
"Pr8Mn1V7O24
",7.5656417818
"Pr8Mn2V6O24
",35.6929084386
"Pr8Mn4V4O24
",42.187522471
"Pr8V7Ni1O24
",44.5467226484
"Pr8V6Ni2O24
",73.7535701719
"Pr8V4Ni4O24
",103.74396875
"Pr8V8O24
",0.0
"Ba8Fe1Co7O24
",133.030324873
"Ba8Fe2Co6O24
",120.413788935
"Ba8Mn1Co7O24
",129.601532228
"Ba8Mn2Co6O24
",142.333953646
"Ba8Co7Ni1O24
",159.117704912
"Ba8Co6Ni2O24
",191.113049013
Ni4Co4Ba8O24,244.348237216
"Ba8Mn7Co1O24
",168.517826662
"Ba8Mn6Co2O24
",179.412889318
"Ba8Mn4Co4O24
",155.663046482
"Ba8Mn7Fe1O24
",157.242981487
Mn6Ba8O24Fe2,136.431443748
"Ba8Mn7Ni1O24
",182.075420764
"Ba8Mn6Ni2O24
",185.197855252
"Ba8Ni7Co1O24
",245.692438878
"Ba8Ni6Co2O24
",250.252038324
"Ba8Ni4Co4O24
",260.129737216
"Ba8Fe1Ni7O24
",217.25282394
"Ba8Fe2Ni6O24
",202.269808449
"Ba8Mn1Ni7O24
",265.270592068
Ni6Mn2Ba8O24,209.019844705
"Ba8Mn4Ni4O24
",215.604849978
"Ca8Fe1Co7O24
",189.093084477
"Ca8Fe2Co6O24
",193.229456332
"Ca8Mn1Co7O24
",132.871922401
"Ca8Mn2Co6O24
",179.65413218
"Ca8Co7Ni1O24
",207.904806722
"Ca8Co6Ni2O24
",234.660650824
"Ca8Co4Ni4O24
",286.026589026
Ca8Mn7Co1O24,183.828681079
"Ca8Mn6Co2O24
",165.118221299
Ca8Mn4Co4O24,168.86730174
"Ca8Mn7Fe1O24
",157.972802935
"Ca8Mn6Fe2O24
",158.03796501
"Ca8Mn7Ni1O24
",186.40027518
"Ca8Mn6Ni2O24
",213.314659502
Ni4Ca8Mn4O24,275.656178145
"Ca8Ni7Co1O24
",378.45337133
"Ca8Ni6Co2O24
",361.579777229
"Ca8Ni4Co4O24
",287.661839026
"Ca8Fe1Ni7O24
",367.138367404
"Ca8Fe2Ni6O24
",342.040019378
"Ca8Mn1Ni7O24
",366.50308111
"Ca8Mn2Ni6O24
",336.224696788
"Ca8Mn4Ni4O24
",276.006928145
"Sr8Fe1Co7O24
",88.3272115282
"Sr8Fe2Co6O24
",90.3169483407
"Sr8Mn1Co7O24
",91.5340043601
"Sr8Mn2Co6O24
",106.514784005
"Sr8Mn4Co4O24
",99.6813432933
"Sr8Co7Ni1O24
",116.180976537
"Sr8Co6Ni2O24
",134.673116573
"Sr8Co4Ni4O24
",178.939784859
"Sr8Mn7Co1O24
",110.139317787
"Sr8Mn6Co2O24
",97.7903793826
"Sr8Mn7Fe1O24
",114.272222612
"Sr8Mn6Fe2O24
",81.5746890313
"Sr8Mn7Ni1O24
",113.869161889
"Sr8Mn6Ni2O24
",142.295817585
"Sr8Mn4Ni4O24
",187.875800187
"Sr8Ni7Co1O24
",252.767162288
"Sr8Ni6Co2O24
",241.664953145
"Sr8Ni4Co4O24
",181.295284859
"Sr8Fe1Ni7O24
",243.428371003
Sr8Fe2O24Ni6,224.622870574
Sr8Mn1O24Ni7,249.72472862
Sr8Mn2O24Ni6,230.118335809
"Ca4Ba4Fe1Co7O24
",196.074158571
"La4Ba4Fe1Co7O24
",114.40771587
"Pr4Ba4Fe1Co7O24
",131.761462182
"Sr4Ba4Fe1Co7O24
",129.607779576
"Y4Ba4Fe1Co7O24
",153.246503495
"Ca4Ba4Fe2Co6O24
",186.026530427
"La4Ba4Fe2Co6O24
",114.507151882
"Pr4Ba4Fe2Co6O24
",130.347187757
"Sr4Ba4Fe2Co6O24
",118.103266388
"Y4Ba4Fe2Co6O24
",136.293767132
"Ca4Ba4Mn1Co7O24
",189.952208134
"La4Ba4Mn1Co7O24
",111.920470781
"Pr4Ba4Mn1Co7O24
",124.477908026
"Sr4Ba4Mn1Co7O24
",126.700822407
"Y4Ba4Mn1Co7O24
",244.148911276
"Ca4Ba4Mn2Co6O24
",189.824629552
"La4Ba4Mn2Co6O24
",114.498161703
"Pr4Ba4Mn2Co6O24
",122.772579444
"Sr4Ba4Mn2Co6O24
",130.390352052
"Y4Ba4Mn2Co6O24
",149.948332694
"Ca4Ba4Mn4Co4O24
",189.88100424
"La4Ba4Mn4Co4O24
",103.756754539
"Pr4Ba4Mn4Co4O24
",100.207954132
"Ca4Ba4Co7Ni1O24
",220.003380817
"La4Ba4Co7Ni1O24
",124.314123959
"Pr4Ba4Co7Ni1O24
",139.013580709
"Sr4Ba4Co7Ni1O24
",155.694636864
"Y4Ba4Co7Ni1O24
",259.886083959
"Ca4Ba4Co6Ni2O24
",235.409224918
"La4Ba4Co6Ni2O24
",150.67246806
"Pr4Ba4Co6Ni2O24
",163.79917481
"Sr4Ba4Co6Ni2O24
",170.627480966
"Y4Ba4Co6Ni2O24
",285.34442806
"Ca4Ba4Co4Ni4O24
",292.390663121
"La4Ba4Co4Ni4O24
",192.284656263
"Pr4Ba4Co4Ni4O24
",169.625113013
"Sr4Ba4Co4Ni4O24
",220.161511037
"Y4Ba4Co4Ni4O24
",218.442616263
"Ca4Ba4Mn7Co1O24
",196.409133579
"La4Ba4Mn7Co1O24
",98.1125625013
"Pr4Ba4Mn7Co1O24
",100.864883177
"Sr4Ba4Mn7Co1O24
",144.708712621
"Y4Ba4Mn7Co1O24
",152.280199029
"Ca4Ba4Mn6Co2O24
",191.836673799
"La4Ba4Mn6Co2O24
",123.246629227
"Pr4Ba4Mn6Co2O24
",122.677656829
"Sr4Ba4Mn6Co2O24
",141.535229704
"Y4Ba4Mn6Co2O24
",144.0065577
"Sr4Ba4Mn4Co4O24
",133.95472581
"Y4Ba4Mn4Co4O24
",140.405957382
"Ca4Ba4Mn7Fe1O24
",190.075255435
"La4Ba4Mn7Fe1O24
",87.0459946888
"Pr4Ba4Mn7Fe1O24
",106.220358751
"Sr4Ba4Mn7Fe1O24
",129.342617445
"Y4Ba4Mn7Fe1O24
",212.302508251
"Ca4Ba4Mn6Fe2O24
",178.58616751
"La4Ba4Mn6Fe2O24
",83.0462436023
"Pr4Ba4Mn6Fe2O24
",101.768107977
"Sr4Ba4Mn6Fe2O24
",122.431670219
"Y4Ba4Mn6Fe2O24
",205.092926144
"Ca4Ba4Mn7Ni1O24
",210.33572768
"La4Ba4Mn7Ni1O24
",103.165152778
"Pr4Ba4Mn7Ni1O24
",121.428977278
"Sr4Ba4Mn7Ni1O24
",156.136056722
"Y4Ba4Mn7Ni1O24
",231.481855293
"Ca4Ba4Mn6Ni2O24
",231.128112002
"La4Ba4Mn6Ni2O24
",118.248559781
"Pr4Ba4Mn6Ni2O24
",135.390845031
"Sr4Ba4Mn6Ni2O24
",177.752167907
"Y4Ba4Mn6Ni2O24
",251.196620227
"Ca4Ba4Mn4Ni4O24
",319.116630645
"La4Ba4Mn4Ni4O24
",154.419623787
"Pr4Ba4Mn4Ni4O24
",169.573330537
"Y4Ba4Mn4Ni4O24
",292.536083787
"Ca4Ba4Ni7Co1O24
",351.817501878
"La4Ba4Ni7Co1O24
",236.33802852
"Pr4Ba4Ni7Co1O24
",250.57926852
"Sr4Ba4Ni7Co1O24
",267.340579878
"Y4Ba4Ni7Co1O24
",367.183227895
"Ca4Ba4Ni6Co2O24
",357.145351324
"La4Ba4Ni6Co2O24
",237.062344466
"Pr4Ba4Ni6Co2O24
",262.896301216
"Sr4Ba4Ni6Co2O24
",273.613179324
"Y4Ba4Ni6Co2O24
",362.461054466
"Ca4Ba4Ni4Co4O24
",294.310413121
"La4Ba4Ni4Co4O24
",177.346156263
"Pr4Ba4Ni4Co4O24
",191.512363013
"Sr4Ba4Ni4Co4O24
",222.246511037
"Y4Ba4Ni4Co4O24
",226.507616263
"Ca4Ba4Fe1Ni7O24
",323.82263694
"La4Ba4Fe1Ni7O24
",206.364163582
"Pr4Ba4Fe1Ni7O24
",221.055903582
"Sr4Ba4Fe1Ni7O24
",237.99271494
"Y4Ba4Fe1Ni7O24
",340.306362957
"Ca4Ba4Fe2Ni6O24
",309.856621449
"La4Ba4Fe2Ni6O24
",189.648364591
"Pr4Ba4Fe2Ni6O24
",204.046571341
"Sr4Ba4Fe2Ni6O24
",223.816699449
"Y4Ba4Fe2Ni6O24
",320.529824591
"Ca4Ba4Mn1Ni7O24
",340.437655068
"La4Ba4Mn1Ni7O24
",213.49368171
"Pr4Ba4Mn1Ni7O24
",227.87867171
"Sr4Ba4Mn1Ni7O24
",255.478983068
"Y4Ba4Mn1Ni7O24
",349.453381085
"Ca4Ba4Mn2Ni6O24
",318.399907705
"La4Ba4Mn2Ni6O24
",201.32142318
"Pr4Ba4Mn2Ni6O24
",232.699818764
"Sr4Ba4Mn2Ni6O24
",233.810235705
"Y4Ba4Mn2Ni6O24
",337.214376097
"Sr4Ba4Mn4Ni4O24
",199.00234553
"Ba4Ca4Fe1Co7O24
",187.894408571
"La4Ca4Fe1Co7O24
",101.887891775
"Pr4Ca4Fe1Co7O24
",59.8511380874
"Sr4Ca4Fe1Co7O24
",143.517205481
"Y4Ca4Fe1Co7O24
",76.4960376187
"Ba4Ca4Fe2Co6O24
",205.564030427
"La4Ca4Fe2Co6O24
",111.026327787
"Pr4Ca4Fe2Co6O24
",129.319113662
"Sr4Ca4Fe2Co6O24
",156.185442293
"Y4Ca4Fe2Co6O24
",76.9784094743
"Ba4Ca4Mn1Co7O24
",180.660958134
"La4Ca4Mn1Co7O24
",70.4378966858
"Pr4Ca4Mn1Co7O24
",70.822087223
"Sr4Ca4Mn1Co7O24
",130.558998313
"Y4Ca4Mn1Co7O24
",82.3163755428
"Ba4Ca4Mn2Co6O24
",197.124129552
"La4Ca4Mn2Co6O24
",110.209087608
"Pr4Ca4Mn2Co6O24
",96.9915119328
"Sr4Ca4Mn2Co6O24
",149.647777957
"Y4Ca4Mn2Co6O24
",210.107835323
"Ba4Ca4Mn4Co4O24
",195.67275424
"La4Ca4Mn4Co4O24
",91.2847571679
"Pr4Ca4Mn4Co4O24
",97.7091113525
"Ba4Ca4Co7Ni1O24
",212.756630817
"La4Ca4Co7Ni1O24
",83.5495498644
"Pr4Ca4Co7Ni1O24
",135.164756614
"Sr4Ca4Co7Ni1O24
",166.21281277
"Y4Ca4Co7Ni1O24
",88.6267598644
"Ba4Ca4Co6Ni2O24
",247.684974918
"La4Ca4Co6Ni2O24
",151.356143966
"Pr4Ca4Co6Ni2O24
",161.293350716
"Sr4Ca4Co6Ni2O24
",208.659156871
"Y4Ca4Co6Ni2O24
",252.161353966
"Ba4Ca4Co4Ni4O24
",296.095913121
"La4Ca4Co4Ni4O24
",177.317832168
"Pr4Ca4Co4Ni4O24
",184.516538918
"Sr4Ca4Co4Ni4O24
",247.005095074
"Y4Ca4Co4Ni4O24
",280.854292168
"Ba4Ca4Mn7Co1O24
",206.610133579
"La4Ca4Mn7Co1O24
",96.9267962097
"Pr4Ca4Mn7Co1O24
",103.456135482
"Sr4Ca4Mn7Co1O24
",154.641811103
"Y4Ca4Mn7Co1O24
",192.088746793
"Ba4Ca4Mn6Co2O24
",198.592673799
"La4Ca4Mn6Co2O24
",100.117426727
"Pr4Ca4Mn6Co2O24
",98.3944607723
"Sr4Ca4Mn6Co2O24
",141.921101323
"Y4Ca4Mn6Co2O24
",193.969855727
"Pr4Ca4Mn4Co4O24
",88.4773613525
"Sr4Ca4Mn4Co4O24
",140.265181764
"Y4Ca4Mn4Co4O24
",187.885254882
"Ba4Ca4Mn7Fe1O24
",192.712755435
"La4Ca4Mn7Fe1O24
",94.433508918
"Pr4Ca4Mn7Fe1O24
",100.763646126
"Sr4Ca4Mn7Fe1O24
",135.408932958
"Y4Ca4Mn7Fe1O24
",188.51316397
"Ba4Ca4Mn6Fe2O24
",192.01041751
"La4Ca4Mn6Fe2O24
",94.837602144
"Pr4Ca4Mn6Fe2O24
",95.4547320607
"Sr4Ca4Mn6Fe2O24
",131.977595034
"Y4Ca4Mn6Fe2O24
",183.449190081
"Ba4Ca4Mn7Ni1O24
",213.33322768
"La4Ca4Mn7Ni1O24
",102.79458377
"Pr4Ca4Mn7Ni1O24
",108.425979583
"Sr4Ca4Mn7Ni1O24
",159.401405204
"Y4Ca4Mn7Ni1O24
",197.309000251
"Ba4Ca4Mn6Ni2O24
",234.968862002
"La4Ca4Mn6Ni2O24
",116.278718092
"Pr4Ca4Mn6Ni2O24
",121.127398975
"Sr4Ca4Mn6Ni2O24
",185.807039526
"Y4Ca4Mn6Ni2O24
",216.454612644
"Ba4Ca4Mn4Ni4O24
",313.722880645
"La4Ca4Mn4Ni4O24
",154.707610893
"Pr4Ca4Mn4Ni4O24
",160.233987758
"Sr4Ca4Mn4Ni4O24
",240.576558169
"Y4Ca4Mn4Ni4O24
",259.086381287
"Ba4Ca4Ni7Co1O24
",354.737751878
"La4Ca4Ni7Co1O24
",253.019864472
"Pr4Ca4Ni7Co1O24
",259.216571222
"Sr4Ca4Ni7Co1O24
",329.042834288
"Y4Ca4Ni7Co1O24
",353.349574472
"Ba4Ca4Ni6Co2O24
",364.707101324
"La4Ca4Ni6Co2O24
",238.522270371
"Pr4Ca4Ni6Co2O24
",245.488977121
"Sr4Ca4Ni6Co2O24
",315.514875145
"Y4Ca4Ni6Co2O24
",338.955480371
"Ba4Ca4Ni4Co4O24
",330.939913121
"La4Ca4Ni4Co4O24
",179.999332168
"Pr4Ca4Ni4Co4O24
",186.717788918
"Sr4Ca4Ni4Co4O24
",250.995845074
"Y4Ca4Ni4Co4O24
",144.889042168
"Ba4Ca4Fe1Ni7O24
",332.21213694
"La4Ca4Fe1Ni7O24
",252.001050484
"Pr4Ca4Fe1Ni7O24
",258.640046797
"Sr4Ca4Fe1Ni7O24
",317.205543003
"Y4Ca4Fe1Ni7O24
",350.052570547
"Ba4Ca4Fe2Ni6O24
",317.356871449
"La4Ca4Fe2Ni6O24
",230.917642395
"Pr4Ca4Fe2Ni6O24
",238.98817827
"Sr4Ca4Fe2Ni6O24
",298.525792574
"Y4Ca4Fe2Ni6O24
",328.54172252
"Ba4Ca4Mn1Ni7O24
",349.605405068
"La4Ca4Mn1Ni7O24
",247.474246653
"Pr4Ca4Mn1Ni7O24
",252.611495932
"Sr4Ca4Mn1Ni7O24
",323.63415062
"Y4Ca4Mn1Ni7O24
",346.902034252
"Ba4Ca4Mn2Ni6O24
",346.087907705
"La4Ca4Mn2Ni6O24
",218.137284733
"Pr4Ca4Mn2Ni6O24
",223.307826541
"Sr4Ca4Mn2Ni6O24
",305.414507809
"Y4Ca4Mn2Ni6O24
",318.43464993
"Pr4Ca4Mn4Ni4O24
",164.002237758
"Ba4Sr4Fe1Co7O24
",120.403529576
"Ca4Sr4Fe1Co7O24
",141.453455481
"La4Sr4Fe1Co7O24
",71.0448978223
"Pr4Sr4Fe1Co7O24
",85.4936441348
"Y4Sr4Fe1Co7O24
",89.577908623
"Ca4Sr4Fe2Co6O24
",142.826192293
"La4Sr4Fe2Co6O24
",78.9063338342
"Pr4Sr4Fe2Co6O24
",84.9348697092
"Y4Sr4Fe2Co6O24
",104.459645435
"Ba4Sr4Mn1Co7O24
",124.842572407
"Ca4Sr4Mn1Co7O24
",144.154498313
"La4Sr4Mn1Co7O24
",68.4009027332
"Pr4Sr4Mn1Co7O24
",79.9859482049
"Y4Sr4Mn1Co7O24
",88.5969514549
"Ba4Sr4Mn2Co6O24
",134.599602052
"Ca4Sr4Mn2Co6O24
",150.042027957
"La4Sr4Mn2Co6O24
",55.9498436559
"Pr4Sr4Mn2Co6O24
",65.6442278493
"Y4Sr4Mn2Co6O24
",170.005981099
"Ca4Sr4Mn4Co4O24
",138.575931764
"Ba4Sr4Co7Ni1O24
",148.873886864
"Ca4Sr4Co7Ni1O24
",179.65931277
"La4Sr4Co7Ni1O24
",79.3248059118
"Pr4Sr4Co7Ni1O24
",89.5472626618
"Y4Sr4Co7Ni1O24
",109.381015912
"Ba4Sr4Co6Ni2O24
",182.220980966
"Ca4Sr4Co6Ni2O24
",213.365656871
"La4Sr4Co6Ni2O24
",97.3721500131
"Pr4Sr4Co6Ni2O24
",118.314106763
"Y4Sr4Co6Ni2O24
",123.035360013
"Ba4Sr4Co4Ni4O24
",223.624761037
"Ca4Sr4Co4Ni4O24
",244.800345074
"La4Sr4Co4Ni4O24
",136.443088216
"Pr4Sr4Co4Ni4O24
",139.928044966
"Y4Sr4Co4Ni4O24
",147.525298216
"Ba4Sr4Mn7Co1O24
",162.784212621
"Ca4Sr4Mn7Co1O24
",151.898311103
"La4Sr4Mn7Co1O24
",60.2850907134
"Pr4Sr4Mn7Co1O24
",64.0241718081
"Y4Sr4Mn7Co1O24
",55.5045541958
"Ba4Sr4Mn6Co2O24
",165.109729704
"Ca4Sr4Mn6Co2O24
",139.231351323
"La4Sr4Mn6Co2O24
",59.5241562349
"Pr4Sr4Mn6Co2O24
",64.5557198987
"Y4Sr4Mn6Co2O24
",158.202912866
"Ba4Sr4Mn4Co4O24
",138.09122581
"La4Sr4Mn4Co4O24
",54.6384029447
"Pr4Sr4Mn4Co4O24
",54.158767202
"Y4Sr4Mn4Co4O24
",77.4665625486
"Ba4Sr4Mn7Fe1O24
",133.883367445
"Ca4Sr4Mn7Fe1O24
",132.392432958
"La4Sr4Mn7Fe1O24
",53.128244668
"Pr4Sr4Mn7Fe1O24
",61.576363168
"Y4Sr4Mn7Fe1O24
",150.801863418
"Ba4Sr4Mn6Fe2O24
",126.818170219
"Ca4Sr4Mn6Fe2O24
",129.155595034
"La4Sr4Mn6Fe2O24
",45.293214144
"Pr4Sr4Mn6Fe2O24
",56.852612394
"Y4Sr4Mn6Fe2O24
",143.519281311
"Ba4Sr4Mn7Ni1O24
",160.434806722
"Ca4Sr4Mn7Ni1O24
",158.413405204
"La4Sr4Mn7Ni1O24
",69.2085003268
"Pr4Sr4Mn7Ni1O24
",72.8852659094
"Y4Sr4Mn7Ni1O24
",165.45646046
"Ba4Sr4Mn6Ni2O24
",180.035167907
"Ca4Sr4Mn6Ni2O24
",184.330789526
"La4Sr4Mn6Ni2O24
",83.1507295945
"Pr4Sr4Mn6Ni2O24
",86.8301581013
"Y4Sr4Mn6Ni2O24
",184.907725394
"Ba4Sr4Mn4Ni4O24
",199.57809553
"Ca4Sr4Mn4Ni4O24
",238.535058169
"La4Sr4Mn4Ni4O24
",117.792276816
"Pr4Sr4Mn4Ni4O24
",125.571143607
"Y4Sr4Mn4Ni4O24
",233.383665668
"Ba4Sr4Ni7Co1O24
",272.871579878
"Ca4Sr4Ni7Co1O24
",324.945084288
"La4Sr4Ni7Co1O24
",193.51782743
"Pr4Sr4Ni7Co1O24
",202.52553418
"Y4Sr4Ni7Co1O24
",210.32978743
"Ba4Sr4Ni6Co2O24
",283.042429324
"Ca4Sr4Ni6Co2O24
",312.115625145
"La4Sr4Ni6Co2O24
",178.519868287
"Pr4Sr4Ni6Co2O24
",184.420825037
"Y4Sr4Ni6Co2O24
",299.112578287
"Ba4Sr4Ni4Co4O24
",227.717761037
"Ca4Sr4Ni4Co4O24
",247.909595074
"La4Sr4Ni4Co4O24
",132.211588216
"Pr4Sr4Ni4Co4O24
",144.135044966
"Y4Sr4Ni4Co4O24
",148.340548216
"Ba4Sr4Fe1Ni7O24
",242.96546494
"Ca4Sr4Fe1Ni7O24
",313.927543003
"La4Sr4Fe1Ni7O24
",191.404536145
"Pr4Sr4Fe1Ni7O24
",200.760492895
"Y4Sr4Fe1Ni7O24
",304.851246145
"Ba4Sr4Fe2Ni6O24
",228.169699449
"Ca4Sr4Fe2Ni6O24
",295.582042574
"La4Sr4Fe2Ni6O24
",173.746535716
"Pr4Sr4Fe2Ni6O24
",183.572992466
"Y4Sr4Fe2Ni6O24
",287.755495716
"Ba4Sr4Mn1Ni7O24
",251.703483068
"Ca4Sr4Mn1Ni7O24
",347.29590062
"La4Sr4Mn1Ni7O24
",204.554893762
"Pr4Sr4Mn1Ni7O24
",204.542100512
"Y4Sr4Mn1Ni7O24
",318.785353762
"Ba4Ba4Mn2Fe6O24
",271.906597528
"Ca4Ba4Mn2Fe6O24
",956.831955747
"La4Ba4Mn2Fe6O24
",845.337300308
"Pr4Ba4Mn2Fe6O24
",857.231665308
"Y4Ba4Mn2Fe6O24
",950.227905877
Co7Ba8O24Al1,151.155130357
Co6Ba8O24Al2,161.637649904
Co4Ba8O24Al4,209.325438998
O24Co7Ba8Ga1,142.416121086
O24Co6Ba8Ga2,128.639131361
O24Co4Ba8Ga4,181.019901912
Co7Ba8O24In1,110.4724554
Co6Ba8O24In2,120.15829999
Co4Ba8O24In4,135.42648917
Sc1Co7Ba8O24,105.932372244
Sc2Co6Ba8O24,84.2083836779
Sc4Co4Ba8O24,98.8049065454
Y1Co7Ba8O24,101.883875697
Y2Co6Ba8O24,95.7786405842
Y4Co4Ba8O24,107.655170358
Sr8Co7Al1O24,67.7164974253
Sr8Co6Al2O24,82.1190201348
Sr8Co4Al4O24,123.367069795
Sr8Co7O24Ga1,81.0050963674
Sr8Co6O24Ga2,92.706468019
Sr8Co4O24Ga4,138.844995876
Sr8Co7O24In1,78.215252519
Sr8Co6O24In2,96.9622803223
Sr8Co4O24In4,141.354043251
Sc1Sr8Co7O24,57.4165433628
Sc2Sr8Co6O24,51.9883620098
Sc4Sr8Co4O24,46.578206626
Y1Sr8Co7O24,77.0898973223
Y2Sr8Co6O24,84.6282081436
Y4Sr8Co4O24,104.682468001
Sr2Co7Ba6O24Al1,110.065846334
Sr2Co6Ba6O24Al2,143.722365881
Sr2Co4Ba6O24Al4,190.046404974
O24Sr2Co7Ba6Ga1,109.913096508
O24Sr2Co6Ba6Ga2,131.79861623
O24Sr2Co4Ba6Ga4,194.691059745
Sr2Co7Ba6O24In1,105.83615073
Sr2Co6Ba6O24In2,115.142224674
Sr2Co4Ba6O24In4,151.08912256
Sc1Sr2Co7Ba6O24,94.5208382205
Sc2Sr2Co6Ba6O24,82.8280996542
Sc4Sr2Co4Ba6O24,92.7983292286
Y1Sr2Co7Ba6O24,94.3913416736
Y2Sr2Co6Ba6O24,95.4271065605
Y4Sr2Co4Ba6O24,108.312182269
Sr4Co7Ba4O24Al1,126.95531231
Sr4Co6Ba4O24Al2,130.568581857
Sr4Co4Ba4O24Al4,178.159873417
O24Sr4Co7Ba4Ga1,125.309562485
O24Sr4Co6Ba4Ga2,122.028582207
O24Sr4Co4Ba4Ga4,189.42037165
Sr4Co7Ba4O24In1,106.913116707
Sr4Co6Ba4O24In2,122.18519065
Sr4Co4Ba4O24In4,156.518088537
Sc1Sr4Co7Ba4O24,90.4495541968
Sc2Sr4Co6Ba4O24,83.2175656305
Sc4Sr4Co4Ba4O24,83.5342519118
Y1Sr4Co7Ba4O24,102.21705765
Y2Sr4Co6Ba4O24,96.4735725368
Y4Sr4Co4Ba4O24,110.480194179
Fe7Ba8O24Al1,39.0465522292
Fe6Ba8O24Al2,68.9800767672
Fe4Ba8O24Al4,125.312625843
O24Ba8Ga1Fe7,36.006686282
O24Ba8Ga2Fe6,62.8478448729
O24Ba8Ga4Fe4,117.389412055
Fe7Ba8O24In1,18.9038755068
Fe6Ba8O24In2,26.6189733223
Fe4Ba8O24In4,46.8826689535
Sc1Ba8O24Fe7,9.9473356615
Sc2Ba8O24Fe6,12.2338936318
Sc4Ba8O24Fe4,27.2145095723
Y1Ba8O24Fe7,17.4303139057
Y2Ba8O24Fe6,29.1372971348
Y4Ba8O24Fe4,35.1009606079
Sr8Al1O24Fe7,33.1481760595
Sr8Al2O24Fe6,51.8182329032
Sr8Al4O24Fe4,93.1208465907
O24Sr8Fe7Ga1,37.0668895282
O24Sr8Fe6Ga2,60.7829098407
O24Sr8Fe4Ga4,113.321950466
Sr8Fe7O24In1,44.3281811532
Sr8Fe6O24In2,70.9524930907
Sr8Fe4O24In4,124.273116966
Sc1Sr8Fe7O24,24.231721997
Sc2Sr8Fe6O24,32.6473247782
Sc4Sr8Fe4O24,62.0242803407
Y1Sr8Fe7O24,49.6708469032
Y2Sr8Fe6O24,73.4595745907
Y4Sr8Fe4O24,112.909302858
Fe7Sr2Ba6O24Al1,43.4380611004
Fe6Sr2Ba6O24Al2,71.9683459539
Fe4Sr2Ba6O24Al4,127.66464503
O24Sr2Ba6Ga1Fe7,41.8854296801
O24Sr2Ba6Ga2Fe6,68.8773537441
O24Sr2Ba6Ga4Fe4,125.171931241
Fe7Sr2Ba6O24In1,30.5328625098
Fe6Sr2Ba6O24In2,43.0159281418
Fe4Sr2Ba6O24In4,72.1745594057
Sc1Sr2Ba6O24Fe7,18.2785945327
Sc2Sr2Ba6O24Fe6,22.0249128184
Sc4Sr2Ba6O24Fe4,42.889278759
Y1Sr2Ba6O24Fe7,29.5478330923
Y2Sr2Ba6O24Fe6,33.183890824
Y4Sr2Ba6O24Fe4,56.6837961704
Fe7Sr4Ba4O24Al1,48.5930390252
Fe6Sr4Ba4O24Al2,75.8528445096
Fe4Sr4Ba4O24Al4,131.671414217
O24Sr4Ba4Ga1Fe7,48.8429076049
O24Sr4Ba4Ga2Fe6,75.9835816689
O24Sr4Ba4Ga4Fe4,133.635429797
Fe7Sr4Ba4O24In1,41.5835904347
Fe6Sr4Ba4O24In2,58.5446973285
Fe4Sr4Ba4O24In4,94.2635785923
Sc1Sr4Ba4O24Fe7,27.2175724575
Sc2Sr4Ba4O24Fe6,32.7734113742
Sc4Sr4Ba4O24Fe4,58.3780479457
Y1Sr4Ba4O24Fe7,42.904352279
Y2Sr4Ba4O24Fe6,51.2762345131
Y4Sr4Ba4O24Fe4,77.5933817329
Ni7Ba8O24Al1,161.563183779
Ni6Ba8O24Al2,173.730028128
Ni4Ba8O24Al4,205.075216824
O24Ni7Ba8Ga1,162.590223425
O24Ni6Ba8Ga2,176.433607419
O24Ni4Ba8Ga4,234.937875407
Ni7Ba8O24In1,149.540965092
Ni6Ba8O24In2,187.848590753
Ni4Ba8O24In4,147.336842074
Sc1Ni7Ba8O24,135.840083404
Sc2Ni6Ba8O24,121.553577378
Sc4Ni4Ba8O24,102.112315324
Y1Ni7Ba8O24,140.218828436
Y2Ni6Ba8O24,124.01781744
Y4Ni4Ba8O24,95.2060454486
Sr8Al1O24Ni7,173.385595035
Sr8Al2O24Ni6,174.909068638
Sr8Al4O24Ni4,211.335265844
Sr8O24Ga1Ni7,178.369049186
Sr8O24Ga2Ni6,184.21597694
Sr8O24Ga4Ni4,197.176332449
Sr8Ni7O24In1,188.271436029
Sr8Ni6O24In2,198.013500628
Sr8Ni4O24In4,210.616629824
Sc1Sr8O24Ni7,160.456726873
Sc2Sr8O24Ni6,146.552082315
Sc4Sr8O24Ni4,113.527293199
Y1Sr8O24Ni7,184.779292217
Y2Sr8O24Ni6,185.414463003
Y4Sr8O24Ni4,167.324804574
Sr2Ni7Ba6O24Al1,170.292754279
Sr2Ni6Ba6O24Al2,182.101848628
Sr2Ni4Ba6O24Al4,211.267959969
O24Sr2Ba6Ga1Ni7,172.754543925
O24Sr2Ba6Ga2Ni6,187.207177919
O24Sr2Ba6Ga4Ni4,236.861913524
Sr2Ni7Ba6O24In1,163.409285592
Sr2Ni6Ba6O24In2,163.793911253
Sr2Ni4Ba6O24In4,165.127412574
Sc1Sr2Ba6O24Ni7,146.552153904
Sc2Sr2Ba6O24Ni6,133.312147878
Sc4Sr2Ba6O24Ni4,111.384135824
Y1Sr2Ba6O24Ni7,154.672898936
Y2Sr2Ba6O24Ni6,142.93338794
Y4Sr2Ba6O24Ni4,115.407865949
Sr4Ni7Ba4O24Al1,181.387574779
Sr4Ni6Ba4O24Al2,192.128669128
Sr4Ni4Ba4O24Al4,218.074203115
O24Sr4Ba4Ga1Ni7,185.543114425
O24Sr4Ba4Ga2Ni6,200.391998419
O24Sr4Ba4Ga4Ni4,220.40870164
Sr4Ni7Ba4O24In1,179.710356092
Sr4Ni6Ba4O24In2,184.787731753
Sr4Ni4Ba4O24In4,189.998651657
Sc1Sr4Ba4O24Ni7,159.787224404
Sc2Sr4Ba4O24Ni6,147.483468378
Sc4Sr4Ba4O24Ni4,122.370956324
Y1Sr4Ba4O24Ni7,171.603969436
Y2Sr4Ba4O24Ni6,163.98220844
Y4Sr4Ba4O24Ni4,137.406686449
Sr8Nb1Co7O24,54.9152362749
Sr8Nb2Co6O24,33.2804978342
Sr8Nb4Co4O24,0.0
Sr8Nb6Co2O24,30.7711248333
Sr8Nb7Co1O24,29.8870605278
"Ba8Fe8O24
",77.3860276912
"Ba8Co8O24
",124.54211081
"Ba8Fe7Co1O24
",91.4620807359
"Ba8Fe6Co2O24
",108.537383781
"Ba8Fe4Co4O24
",123.93596706
"Ba8Mn8O24
",159.403545859
"Ba8Mn1Fe7O24
",83.5686241725
"Ba8Mn2Fe6O24
",90.6089706538
"Ba8Mn4Fe4O24
",100.815663616
"Ba8Ni8O24
",271.319339431
"Ba8Fe7Ni1O24
",114.754340135
"Ba8Fe6Ni2O24
",137.479652578
"Ba8Fe4Ni4O24
",174.060277466
"Ba2Sr6Co8O24
",106.745758739
"Ba2Sr6Fe7Co1O24
",113.060643677
"Ba2Sr6Fe6Co2O24
",105.722179614
"Ba2Sr6Fe4Co4O24
",109.488955989
"Ba2Sr6Mn8O24
",113.886203609
"Ba2Sr6Mn1Fe7O24
",102.775420338
"Ba2Sr6Mn2Fe6O24
",96.0360383765
"Ba2Sr6Mn4Fe4O24
",86.699751058
"Ba2Sr6Ni8O24
",258.828050931
"Ba2Sr6Fe7Ni1O24
",110.285835802
"Ba2Sr6Fe6Ni2O24
",135.954460139
"Ba2Sr6Fe4Ni4O24
",183.271284153
"Ba4Sr4Co8O24
",122.316042763
"Ba4Sr4Fe7Co1O24
",117.247059064
"Ba4Sr4Fe6Co2O24
",117.249168138
"Ba4Sr4Fe4Co4O24
",126.798490013
"Ba4Sr4Mn8O24
",137.791901025
"Ba4Sr4Mn1Fe7O24
",97.9185800222
"Ba4Sr4Mn2Fe6O24
",104.37297146
"Ba4Sr4Mn4Fe4O24
",104.244207537
"Ba4Sr4Ni8O24
",296.630230431
"Ba4Sr4Fe7Ni1O24
",113.092107877
"Ba4Sr4Fe6Ni2O24
",137.583440952
"Ba4Sr4Fe4Ni4O24
",184.901448591
"Ca8Co8O24
",188.514712621
"Ca8Fe7Co1O24
",184.59131561
"Ca8Fe6Co2O24
",185.661693755
"Ca8Fe4Co4O24
",183.151200043
"Ca8Mn8O24
",164.660390859
"Ca8Mn1Fe7O24
",185.05127539
"Ca8Mn2Fe6O24
",171.490363314
"Ca8Mn4Fe4O24
",156.027039162
"Ca8Ni8O24
",397.239965431
"Ca8Fe7Ni1O24
",208.035658149
"Ca8Fe6Ni2O24
",237.583378832
"Ca8Fe4Ni4O24
",291.099073324
"Sr6Ca2Fe8O24
",112.287386278
"Sr6Ca2Co8O24
",111.066721692
"Sr6Ca2Fe7Co1O24
",117.140514423
"Sr6Ca2Fe6Co2O24
",115.594392567
"Sr6Ca2Fe4Co4O24
",117.143168942
"Sr6Ca2Mn8O24
",113.501498734
"Sr6Ca2Mn1Fe7O24
",110.864717892
"Sr6Ca2Mn2Fe6O24
",109.297299507
"Sr6Ca2Mn4Fe4O24
",98.7844184122
"Sr6Ca2Ni8O24
",298.245707431
"Sr6Ca2Fe7Ni1O24
",135.955482743
"Sr6Ca2Fe6Ni2O24
",162.41908077
"Sr6Ca2Fe4Ni4O24
",216.122194574
"Sr4Ca4Fe8O24
",138.582903341
"Sr4Ca4Co8O24
",145.310468668
"Sr4Ca4Fe7Co1O24
",140.364781485
"Sr4Ca4Fe6Co2O24
",141.96565963
"Sr4Ca4Fe4Co4O24
",144.111165918
"Sr4Ca4Mn8O24
",136.808520882
"Sr4Ca4Mn1Fe7O24
",137.369484955
"Sr4Ca4Mn2Fe6O24
",135.369316569
"Sr4Ca4Mn4Fe4O24
",121.692419186
"Sr4Ca4Ni8O24
",335.321293431
"Sr4Ca4Fe7Ni1O24
",163.497124024
"Sr4Ca4Fe6Ni2O24
",191.31459627
"Sr4Ca4Fe4Ni4O24
",244.717542324
"La2Sr6Cr2Fe6O24
",89.81673775
"Sr8Co8O24
",91.2669747157
"Sr8Fe7Co1O24
",87.6081324032
"Sr8Fe6Co2O24
",88.6858955907
"Sr8Fe4Co4O24
",93.7481719657
"Sr8Mn8O24
",90.748756192
"Sr8Mn1Fe7O24
",82.8791005565
"Sr8Mn2Fe6O24
",79.8648318973
"Sr8Mn4Fe4O24
",69.7752945789
"Sr8Ni8O24
",263.543371431
"Sr8Fe7Ni1O24
",107.783426118
"Sr8Fe6Ni2O24
",134.35498302
"Sr8Fe4Ni4O24
",182.613119716
"Ba1Sr7V8O24
",29.7477073211
"Ba2Sr6V8O24
",42.1335069877
"Ba4Sr4V8O24
",66.9631063211
"Sr7Ca1V8O24
",37.1426186397
"Sr6Ca2V8O24
",56.511329625
"Sr4Ca4V8O24
",66.9909409167
"Sr7Dy1V8O24
",33.3198729476
"Sr6Dy2V8O24
",44.1815882408
"Sr4Dy4V8O24
",183.475518827
"Sr7Gd1V8O24
",28.6171985101
"Sr6Gd2V8O24
",36.3667393658
"Sr4Gd4V8O24
",290.221571077
"Sr7Ho1V8O24
",34.8221973851
"Sr6Ho2V8O24
",46.9172371158
"Sr4Ho4V8O24
",197.610066577
"Sr7La1V8O24
",21.5562064476
"Sr6La2V8O24
",27.1330052408
"Sr7Mg1V8O24
",71.0907635772
"Sr6Mg2V8O24
",118.9471195
"Sr4Mg4V8O24
",283.093127667
"Sr7Nd1V8O24
",22.3792303226
"Sr6Nd2V8O24
",25.2930529908
"Sr4Nd4V8O24
",87.1299483272
"Sr7Pr1V8O24
",15.1299348382
"Sr6Pr2V8O24
",4.4579620221
"Sr7Sm1V8O24
",20.0619416351
"Sr6Sm2V8O24
",19.1667256158
"Sr4Sm4V8O24
",95.3050435772
"Sr7Y1V8O24
",31.3127508851
"Sr6Y2V8O24
",37.3225941158
"Sr8Al1V7O24
",38.6328698346
"Sr8Al2V6O24
",59.7413320147
"Sr8Al4V4O24
",95.049006375
"Sr8V7Co1O24
",72.9422615625
"Sr8V6Co2O24
",109.582963917
"Sr8V4Co4O24
",113.170480976
"Sr8V7Cr1O24
",39.7988018658
"Sr8V6Cr2O24
",59.1429460772
"Sr8V4Cr4O24
",95.6649845
"Sr8V7Cu1O24
",112.949106484
"Sr8V6Cu2O24
",165.733078594
"Sr8V4Cu4O24
",198.665046858
"Sr8V7Fe1O24
",50.4471564427
"Sr8V6Fe2O24
",71.4796191771
"Sr8V4Fe4O24
",72.67526425
"Sr8V7Ga1O24
",49.7936119168
"Sr8V6Ga2O24
",78.4670661792
"Sr8V4Ga4O24
",134.244898562
"Sr8V7Ge1O24
",40.6890700892
"Sr8V6Ge2O24
",61.6998797448
"Sr8V4Ge4O24
",98.8464407187
"Sr8Hf1V7O24
",28.4417281351
"Sr8Hf2V6O24
",35.2832986158
"Sr8Hf4V4O24
",35.0459395772
"Sr8V7Ir1O24
",105.859697484
"Sr8V6Ir2O24
",143.075474781
"Sr8V4Ir4O24
",140.737464875
"Sr8Mg1V7O24
",52.8734187279
"Sr8Mg2V6O24
",93.8114346912
"Sr8Mg4V4O24
",140.488835358
"Sr8Mn1V7O24
",63.5864629799
"Sr8Mn2V6O24
",99.8669764304
"Sr8Mn4V4O24
",107.860026374
"Sr8V7Mo1O24
",111.369551266
"Sr8V6Mo2O24
",192.009283406
"Sr8V4Mo4O24
",341.670362
"Sr8Nb1V7O24
",10.4314375689
"Sr8Nb2V6O24
",0.0
"Sr8Nb4V4O24
",0.0
"Sr8V7Ni1O24
",109.972952484
"Sr8V6Ni2O24
",143.739983969
"Sr8V4Ni4O24
",161.966268358
"Sr8V7Os1O24
",87.0884028594
"Sr8V6Os2O24
",101.020673844
"Sr8V4Os4O24
",94.3179777045
"Sr8V7Pd1O24
",132.019981484
"Sr8V6Pd2O24
",182.417159594
"Sr8V4Pd4O24
",179.369513621
"Sr8V7Pt1O24
",129.167628484
"Sr8V6Pt2O24
",178.944559094
"Sr8V4Pt4O24
",182.449930039
"Sr8V7Re1O24
",38.749668158
"Sr8V6Re2O24
",38.1360533299
"Sr8V4Re4O24
",35.0703869833
"Sr8V7Rh1O24
",95.5308332344
"Sr8V6Rh2O24
",123.689710284
"Sr8V4Rh4O24
",110.110223375
"Sr8V7Ru1O24
",84.5812328594
"Sr8V6Ru2O24
",97.2556960313
"Sr8V4Ru4O24
",90.435045
"Sr8Sc1V7O24
",0.0
"Sr8Sc2V6O24
",0.0
"Sr8Sc4V4O24
",0.0
"Sr8V7Si1O24
",62.0947510267
"Sr8V6Si2O24
",98.2564415885
"Sr8V4Si4O24
",155.909864281
"Sr8V7Sn1O24
",49.5323893594
"Sr8V6Sn2O24
",66.2624423437
"Sr8V4Sn4O24
",82.91347525
"Sr8Ta1V7O24
",6.9223966347
"Sr8Ta2V6O24
",0.0
"Sr8Ta4V4O24
",0.0
"Sr8Ti1V7O24
",0.0
"Sr8Ti2V6O24
",0.0
"Sr8Ti4V4O24
",0.0
"Sr8Y1V7O24
",64.1409236857
"Sr8Y2V6O24
",93.8423028603
"Sr8Y4V4O24
",112.1749515
"Sr8V7Zn1O24
",71.888596023
"Sr8V6Zn2O24
",124.759380625
"Sr8V4Zn4O24
",198.105435858
"Sr8Zr1V7O24
",24.1527620726
"Sr8Zr2V6O24
",21.5058664908
"Sr8Zr4V4O24
",4.7555753272
"Sr8V8O24
",17.8464076544
"Ba2Y6Co8O24
",113.483054382
"Ba4Y4Co8O24
",136.252989858
"Ca2Y6Co8O24
",62.3247673342
"Ca4Y4Co8O24
",93.7906657631
"Dy2Y6Co8O24
",49.2192869886
"Dy4Y4Co8O24
",56.3388158052
"Gd2Y6Co8O24
",0.0
"Gd4Y4Co8O24
",0.0
"Y6Ho2Co8O24
",56.3192893526
"Y4Ho4Co8O24
",59.2192098
"Nd2Y6Co8O24
",54.1514922177
"Nd4Y4Co8O24
",45.4043655302
"Sm2Y6Co8O24
",53.285630874
"Sm4Y4Co8O24
",49.4793928427
"Sr2Y6Co8O24
",72.6725203579
"Sr4Y4Co8O24
",100.47292181
"Y8Cr1Co7O24
",73.2347672296
"Y8Cr2Co6O24
",62.4481655539
"Y8Cr4Co4O24
",34.2214622026
"Y8Fe1Co7O24
",160.334632542
"Y8Fe2Co6O24
",121.974896179
"Y8Fe4Co4O24
",28.3696734526
"Y8Mg1Co7O24
",0.0
"Y8Mg2Co6O24
",0.0
"Y8Mg4Co4O24
",0.0
"Y8Mn1Co7O24
",74.3588962714
"Y8Mn2Co6O24
",39.7951736375
"Y8Mn4Co4O24
",0.0
"Y8Co7Ni1O24
",51.9157130065
"Y8Co6Ni2O24
",61.5578071079
"Y8Co8O24
",48.7758689052
"Ba2Y6Cr8O24
",101.755733
"Ba4Y4Cr8O24
",160.8491605
"Ca2Y6Cr8O24
",43.4643305539
"Ca4Y4Cr8O24
",63.9648556079
"Dy2Y6Cr8O24
",21.353923875
"Dy4Y4Cr8O24
",28.48129225
"Gd2Y6Cr8O24
",0.0
"Gd4Y4Cr8O24
",0.0
"Y6Ho2Cr8O24
",21.28138975
"Y4Ho4Cr8O24
",28.314724
"Nd2Y6Cr8O24
",26.35395975
"Nd4Y4Cr8O24
",33.885364
"Sm2Y6Cr8O24
",9.3192484688
"Sm4Y4Cr8O24
",2.5504414375
"Sr2Y6Cr8O24
",61.119531625
"Sr4Y4Cr8O24
",93.06800775
"Y8Cr7Co1O24
",21.5324071757
"Y8Cr6Co2O24
",28.6637588513
"Y8Cr7Fe1O24
",12.4011708125
"Y8Cr6Fe2O24
",11.017786125
"Y8Cr4Fe4O24
",7.99376675
"Y8Mg1Cr7O24
",0.0
"Y8Mg2Cr6O24
",0.0
"Y8Mg4Cr4O24
",0.0
"Y8Mn1Cr7O24
",23.5812529198
"Y8Mn2Cr6O24
",32.3684503397
"Y8Cr7Ni1O24
",28.407001277
"Y8Cr6Ni2O24
",37.3769470539
"Y8Cr8O24
",14.2008055
"Ba2Y6Fe8O24
",84.7289651789
"Ba4Y4Fe8O24
",120.026452358
"Ca2Y6Fe8O24
",45.6348093039
"Ca4Y4Fe8O24
",74.8181406079
"Dy2Y6Fe8O24
",27.129298625
"Dy4Y4Fe8O24
",34.10036925
"Gd2Y6Fe8O24
",0.0
"Gd4Y4Fe8O24
",0.0
"Y6Ho2Fe8O24
",27.119653875
"Y4Ho4Fe8O24
",34.01532975
"Nd2Y6Fe8O24
",31.763370625
"Nd4Y4Fe8O24
",38.65176325
"Sm2Y6Fe8O24
",29.915706625
"Sm4Y4Fe8O24
",37.78468525
"Sr2Y6Fe8O24
",49.2018258039
"Sr4Y4Fe8O24
",70.7659236079
"Y8Fe7Co1O24
",27.7992143632
"Y8Fe6Co2O24
",29.9034507263
"Y8Cr1Fe7O24
",17.2121126875
"Y8Cr2Fe6O24
",14.178747375
"Y8Mg1Fe7O24
",0.0
"Y8Mg2Fe6O24
",0.0
"Y8Mg4Fe4O24
",0.0
"Y8Mn1Fe7O24
",26.7038101073
"Y8Mn2Fe6O24
",33.7558922147
"Y8Fe7Ni1O24
",37.4680233395
"Y8Fe6Ni2O24
",58.1498186789
"Y8Fe8O24
",20.138728
"Ba2Y6Ga8O24
",184.387404762
"Ba4Y4Ga8O24
",267.854425525
"Ca2Y6Ga8O24
",139.06215854
"Ca4Y4Ga8O24
",207.75718308
"Dy2Y6Ga8O24
",75.6574945
"Dy4Y4Ga8O24
",81.726855
"Gd2Y6Ga8O24
",72.650127375
"Gd4Y4Ga8O24
",75.14562075
"Y6Ho2Ga8O24
",76.5032664308
"Y4Ho4Ga8O24
",82.99657195
"Nd2Y6Ga8O24
",76.8437187083
"Nd4Y4Ga8O24
",79.0798034167
"Sm2Y6Ga8O24
",77.2377140833
"Sm4Y4Ga8O24
",82.9015441667
"Sr2Y6Ga8O24
",152.154945491
"Sr4Y4Ga8O24
",221.768006983
"Y8Ga7Co1O24
",68.9710696132
"Y8Ga6Co2O24
",69.8177552263
"Y8Ga4Co4O24
",67.4148764526
"Y8Cr1Ga7O24
",62.3324679375
"Y8Cr2Ga6O24
",55.140801875
"Y8Cr4Ga4O24
",40.70021975
"Y8Ga7Fe1O24
",60.54108325
"Y8Ga6Fe2O24
",52.2740325
"Y8Ga4Fe4O24
",36.096681
"Y8Mg1Ga7O24
",91.6707429645
"Y8Mg2Ga6O24
",116.752351929
"Y8Mg4Ga4O24
",166.797819858
"Y8Mn1Ga7O24
",70.4541653573
"Y8Mn2Ga6O24
",70.5986967147
"Y8Mn4Ga4O24
",65.5202594293
"Y8Ga7Ni1O24
",82.2454137145
"Y8Ga6Ni2O24
",97.2311934289
"Y8Ga4Ni4O24
",121.693502858
"Y8Ga8O24
",69.473884
"Ba2Y6Mn8O24
",91.1059876087
"Ca2Y6Mn8O24
",38.1925113587
"Ca4Y4Mn8O24
",39.1108878587
"Dy2Y6Mn8O24
",45.499570942
"Dy4Y4Mn8O24
",52.1415070253
"Gd2Y6Mn8O24
",0.0
"Gd4Y4Mn8O24
",0.0
"Y6Ho2Mn8O24
",46.950750442
"Y4Ho4Mn8O24
",55.0886160253
"Nd2Y6Mn8O24
",43.821956692
"Nd4Y4Mn8O24
",45.0377785253
"Sm2Y6Mn8O24
",42.385498067
"Sm4Y4Mn8O24
",44.4093612753
"Sr2Y6Mn8O24
",48.240040192
"Sr4Y4Mn8O24
",52.5504455253
"Y8Mn7Co1O24
",38.1742435291
"Y8Mn6Co2O24
",33.9806021996
"Y8Mn7Cr1O24
",40.8206874388
"Y8Mn6Cr2O24
",43.945490019
"Y8Mn4Cr4O24
",46.0103451793
"Y8Mn7Fe1O24
",38.3815527513
"Y8Mn6Fe2O24
",39.127470644
"Y8Mn4Fe4O24
",40.2393064293
"Y8Mg1Mn7O24
",0.0
"Y8Mg2Mn6O24
",0.0
"Y8Mg4Mn4O24
",0.0
"Y8Mn7Ni1O24
",56.665649793
"Y8Mn6Ni2O24
",103.731414727
"Y8Mn8O24
",38.8036348587
"Ba2Y6Ni8O24
",152.57088652
"Ba4Y4Ni8O24
",190.870878449
"Ca2Y6Ni8O24
",123.849520145
"Ca4Y4Ni8O24
",166.347668574
"Dy2Y6Ni8O24
",86.115789799
"Dy4Y4Ni8O24
",84.2613186157
"Gd2Y6Ni8O24
",0.0
"Gd4Y4Ni8O24
",0.0
"Y6Ho2Ni8O24
",87.2670421631
"Y4Ho4Ni8O24
",86.5192126105
"Nd2Y6Ni8O24
",82.6202450282
"Nd4Y4Ni8O24
",73.3023683407
"Sm2Y6Ni8O24
",82.5826336845
"Sm4Y4Ni8O24
",75.6793956532
"Sr2Y6Ni8O24
",123.233184145
"Sr4Y4Ni8O24
",157.611746574
"Y8Co1Ni7O24
",70.9430276144
"Y8Co2Ni6O24
",53.3006835131
"Y8Co4Ni4O24
",17.7019953105
"Y8Cr1Ni7O24
",67.6609259387
"Y8Cr2Ni6O24
",71.7619801618
"Y8Cr4Ni4O24
",37.6093386079
"Y8Fe1Ni7O24
",110.664773689
"Y8Fe2Ni6O24
",105.624925662
"Y8Fe4Ni4O24
",36.2234796079
"Y8Mg1Ni7O24
",0.0
"Y8Mg2Ni6O24
",0.0
"Y8Mg4Ni4O24
",0.0
"Y8Mn1Ni7O24
",90.1656399358
"Y8Mn2Ni6O24
",31.5229081559
"Y8Mn4Ni4O24
",0.0
"Y8Ni8O24
",87.8388717157
"Ba2Y6Sc8O24
",94.6025620331
"Ba4Y4Sc8O24
",126.616163691
"Ca2Y6Sc8O24
",84.8759223664
"Ca4Y4Sc8O24
",142.323884358
"Dy2Y6Sc8O24
",34.8683784583
"Dy4Y4Sc8O24
",41.137907275
"Gd2Y6Sc8O24
",28.0724115312
"Gd4Y4Sc8O24
",27.2516126875
"Y6Ho2Sc8O24
",37.4352793437
"Y4Ho4Sc8O24
",46.3580983125
"Nd2Y6Sc8O24
",31.5042600312
"Nd4Y4Sc8O24
",30.7458096875
"Sm2Y6Sc8O24
",30.5960387812
"Sm4Y4Sc8O24
",31.2618671875
"Sr2Y6Sc8O24
",80.1722752414
"Sr4Y4Sc8O24
",120.865840108
"Y8Sc7Co1O24
",37.4221989413
"Y8Sc6Co2O24
",45.9371875076
"Y8Sc4Co4O24
",57.8409146401
"Y8Sc7Cr1O24
",29.3690972656
"Y8Sc6Cr2O24
",29.2307341562
"Y8Sc4Cr4O24
",24.5125079375
"Y8Sc7Fe1O24
",27.1567125781
"Y8Sc6Fe2O24
",25.9562147812
"Y8Sc4Fe4O24
",20.7374691875
"Y8Mg1Sc7O24
",59.0626222926
"Y8Mg2Sc6O24
",94.0057842102
"Y8Mg4Sc4O24
",160.395108045
"Y8Sc7Mn1O24
",36.6110446855
"Y8Sc6Mn2O24
",42.6966289959
"Y8Sc4Mn4O24
",46.7667976168
"Y8Sc7Ni1O24
",54.0260430426
"Y8Sc6Ni2O24
",80.1561257102
"Y8Sc4Ni4O24
",120.061041045
"Y8Sc8O24
",28.416710375
"Ba2Y6Ti8O24
",66.501248625
"Ba4Y4Ti8O24
",70.04323975
"Ca2Y6Ti8O24
",17.0003038125
"Ca4Y4Ti8O24
",0.0
"Dy2Y6Ti8O24
",45.407611625
"Dy4Y4Ti8O24
",51.90442725
"Gd2Y6Ti8O24
",38.778547375
"Gd4Y4Ti8O24
",35.37179875
"Y6Ho2Ti8O24
",53.686253625
"Y4Ho4Ti8O24
",52.42546125
"Nd2Y6Ti8O24
",45.062381625
"Nd4Y4Ti8O24
",46.69821725
"Sm2Y6Ti8O24
",45.3272820625
"Sm4Y4Ti8O24
",50.027518125
"Sr2Y6Ti8O24
",33.46241925
"Sr4Y4Ti8O24
",22.8817925
"Y8Ti7Co1O24
",89.71351025
"Y8Ti6Co2O24
",125.245006875
"Y8Ti4Co4O24
",7.0009685
"Y8Ti7Cr1O24
",78.06700275
"Y8Ti6Cr2O24
",92.808241625
"Y8Ti4Cr4O24
",54.3341091667
"Y8Ti7Fe1O24
",77.68295
"Y8Ti6Fe2O24
",99.023686125
"Y8Ti4Fe4O24
",13.4709235
"Y8Mg1Ti7O24
",27.90730325
"Y8Mg2Ti6O24
",19.9708105
"Y8Mg4Ti4O24
",5.974325
"Y8Ti7Mn1O24
",65.7797960302
"Y8Ti6Mn2O24
",78.303986056
"Y8Ti4Mn4O24
",25.115635096
"Y8Ti7Ni1O24
",121.777150396
"Y8Ti6Ni2O24
",173.113038125
"Y8Ti4Ni4O24
",21.912008
"Y8Ti8O24
",38.754046
"Ba2Y6V8O24
",33.004800495
"Ba4Y4V8O24
",71.75494749
"Ca2Y6V8O24
",0.0
"Ca4Y4V8O24
",0.0
"Dy2Y6V8O24
",0.0
"Dy4Y4V8O24
",0.0
"Gd2Y6V8O24
",0.0
"Gd4Y4V8O24
",0.0
"Y6Ho2V8O24
",0.0
"Y4Ho4V8O24
",0.0
"Nd2Y6V8O24
",0.0
"Nd4Y4V8O24
",0.0
"Sm2Y6V8O24
",0.0
"Sm4Y4V8O24
",0.0
"Sr2Y6V8O24
",0.0
"Sr4Y4V8O24
",0.0
"Y8V7Co1O24
",1.5885125938
"Y8V6Co2O24
",8.6688716875
"Y8V4Co4O24
",289.029515
"Y8V7Cr1O24
",0.0
"Y8V6Cr2O24
",0.0
"Y8V4Cr4O24
",0.0
"Y8V7Fe1O24
",0.0
"Y8V6Fe2O24
",28.8957797708
"Y8V4Fe4O24
",0.0
"Y8Mg1V7O24
",0.0
"Y8Mg2V6O24
",0.0
"Y8Mg4V4O24
",0.0
"Y8Mn1V7O24
",36.5545469302
"Y8Mn2V6O24
",33.5261903605
"Y8Mn4V4O24
",19.410199346
"Y8V7Ni1O24
",0.0
"Y8V6Ni2O24
",47.2079029375
"Y8V4Ni4O24
",23.809066
"Y8V8O24
",0.0
